Loan_ID,Gender,Married,Dependents,Education,Self_Employed,ApplicantIncome,CoapplicantIncome,LoanAmount,Loan_Amount_Term,Credit_History,Property_Area,Loan_Status,split
LN100000,Female,No,0,Graduate,Yes,2743,1651.0,102.0,300.0,1.0,Semiurban,N,train
LN100001,Male,No,0,Graduate,No,2963,0.0,56.0,360.0,1.0,Urban,Y,train
LN100002,Male,No,0,Graduate,No,16584,0.0,209.0,360.0,0.0,Semiurban,N,train
LN100003,Male,Yes,0,Graduate,No,3317,0.0,37.0,180.0,1.0,Rural,Y,train
LN100004,Male,No,1,Graduate,No,35889,0.0,152.0,360.0,1.0,Semiurban,Y,train
LN100005,Male,No,0,Graduate,No,5316,0.0,136.0,360.0,1.0,Urban,Y,train
LN100006,Male,No,0,Not Graduate,No,3132,2268.0,121.0,360.0,1.0,Semiurban,Y,train
LN100007,Male,Yes,2,Graduate,No,3935,0.0,108.0,360.0,1.0,Semiurban,Y,train
LN100008,Male,Yes,2,Graduate,No,2961,1304.0,83.0,360.0,1.0,Semiurban,Y,train
LN100009,Male,Yes,2,Not Graduate,No,7783,0.0,208.0,360.0,1.0,Rural,Y,train
LN100010,Male,Yes,0,Graduate,No,2494,2155.0,116.0,360.0,1.0,Rural,Y,train
LN100011,Male,Yes,1,Graduate,No,6065,2004.0,250.0,360.0,1.0,Semiurban,Y,train
LN100012,Male,Yes,2,Graduate,Yes,2712,4104.0,151.0,360.0,1.0,Rural,Y,train
LN100013,Male,No,0,Graduate,No,13536,0.0,215.0,360.0,0.0,Semiurban,N,train
LN100014,Female,Yes,0,Graduate,No,3003,1946.0,159.0,360.0,1.0,Semiurban,Y,train
LN100015,Male,No,0,Graduate,No,2592,1976.0,125.0,360.0,1.0,Rural,Y,train
LN100016,Male,Yes,0,Graduate,No,3015,2188.0,153.0,360.0,1.0,Rural,Y,train
LN100017,Male,Yes,0,Graduate,No,8747,0.0,167.0,180.0,1.0,Rural,Y,train
LN100018,Male,Yes,2,Graduate,No,12878,1269.0,229.0,360.0,1.0,Urban,Y,train
LN100019,Male,Yes,2,Graduate,No,5982,4997.0,110.0,360.0,1.0,Rural,Y,train
LN100020,Female,Yes,0,Graduate,No,10106,0.0,142.0,240.0,1.0,Semiurban,Y,train
LN100021,Male,Yes,2,Graduate,Yes,15178,958.0,150.0,360.0,1.0,Rural,Y,train
LN100022,Male,Yes,2,Graduate,Yes,1588,21152.0,224.0,360.0,1.0,Urban,N,train
LN100023,Male,Yes,2,Graduate,Yes,3015,3561.0,91.0,360.0,1.0,Urban,Y,train
LN100024,Male,Yes,2,Not Graduate,No,3529,1983.0,72.0,360.0,1.0,Urban,Y,train
LN100025,Male,No,0,Not Graduate,No,6684,0.0,136.0,360.0,1.0,Rural,N,train
LN100026,Male,No,0,Not Graduate,No,2873,2506.0,123.0,360.0,1.0,Rural,Y,train
LN100027,Male,No,0,Graduate,No,4641,0.0,139.0,360.0,0.0,Rural,N,train
LN100028,Male,Yes,0,Not Graduate,Yes,4091,0.0,102.0,360.0,1.0,Urban,Y,train
LN100029,Male,No,0,Graduate,No,6595,0.0,103.0,360.0,0.0,Rural,N,train
LN100030,Male,Yes,2,Graduate,No,2944,2258.0,107.0,360.0,1.0,Rural,Y,train
LN100031,Male,Yes,0,Graduate,No,16289,0.0,461.0,360.0,1.0,Semiurban,Y,train
LN100032,Male,Yes,0,Graduate,No,5370,2767.0,193.0,360.0,1.0,Rural,N,train
LN100033,Female,Yes,1,Graduate,Yes,17508,0.0,613.0,360.0,1.0,Semiurban,Y,train
LN100034,Male,Yes,2,Graduate,No,5666,3320.0,267.0,360.0,1.0,Semiurban,Y,train
LN100035,Male,Yes,0,Graduate,No,3244,0.0,122.0,360.0,1.0,Semiurban,Y,train
LN100036,Female,No,0,Graduate,No,3410,0.0,88.0,360.0,1.0,Urban,Y,train
LN100037,Male,Yes,2,Not Graduate,No,3357,2859.0,144.0,360.0,1.0,Urban,Y,train
LN100038,Male,Yes,1,Not Graduate,No,7087,0.0,134.0,180.0,1.0,Urban,Y,train
LN100039,Female,No,0,Graduate,No,4254,1711.0,139.0,360.0,1.0,Rural,Y,train
LN100040,Male,Yes,1,Graduate,No,6400,7250.0,180.0,360.0,0.0,Urban,N,train
LN100041,Male,Yes,0,Graduate,No,3527,2690.0,148.0,360.0,1.0,Rural,Y,train
LN100042,Male,Yes,0,Graduate,No,4456,2025.0,123.0,360.0,1.0,Semiurban,Y,train
LN100043,Male,Yes,2,Graduate,No,4319,6396.0,216.0,360.0,1.0,Semiurban,Y,train
LN100044,Male,No,0,Graduate,No,14999,0.0,242.0,360.0,0.0,Semiurban,N,train
LN100045,Female,No,3+,Graduate,No,393,42770.0,302.0,180.0,1.0,Urban,N,train
LN100046,Male,Yes,0,Graduate,No,1740,1674.0,98.0,360.0,1.0,Urban,Y,train
LN100047,Male,Yes,1,Not Graduate,No,3068,1050.0,136.0,360.0,1.0,Urban,Y,train
LN100048,Male,Yes,0,Graduate,No,4755,2419.0,128.0,360.0,1.0,Urban,Y,train
LN100049,Male,No,1,Not Graduate,Yes,2764,1742.0,172.0,360.0,1.0,Semiurban,N,train
LN100050,Male,Yes,2,Graduate,No,3100,2013.0,136.0,360.0,0.0,Semiurban,N,train
LN100051,Male,Yes,0,Not Graduate,No,2345,2214.0,120.0,360.0,1.0,Urban,Y,train
LN100052,Female,No,0,Graduate,No,5000,0.0,103.0,360.0,0.0,Semiurban,N,train
LN100053,Female,No,0,Graduate,No,3535,3002.0,129.0,360.0,1.0,Rural,Y,train
LN100054,Male,Yes,3+,Graduate,No,4067,8028.0,291.0,360.0,1.0,Semiurban,N,train
LN100055,Male,Yes,3+,Graduate,No,71113,0.0,401.0,360.0,0.0,Rural,N,train
LN100056,Male,Yes,0,Graduate,No,3720,2534.0,123.0,360.0,1.0,Urban,N,train
LN100057,Male,Yes,0,Graduate,No,3229,2007.0,151.0,360.0,1.0,Semiurban,Y,train
LN100058,Male,Yes,0,Graduate,No,2292,1196.0,136.0,360.0,1.0,Urban,Y,train
LN100059,Male,Yes,2,Graduate,Yes,5483,1309.0,99.0,360.0,1.0,Rural,Y,train
LN100060,Female,No,0,Graduate,No,3850,0.0,98.0,360.0,1.0,Urban,Y,train
LN100061,Male,No,1,Graduate,Yes,4391,0.0,93.0,360.0,1.0,Rural,N,train
LN100062,Female,Yes,0,Not Graduate,No,2577,743.0,96.0,360.0,1.0,Semiurban,Y,train
LN100063,Male,No,0,Graduate,No,3389,1567.0,126.0,360.0,1.0,Rural,Y,train
LN100064,Male,Yes,1,Graduate,No,5556,6706.0,201.0,360.0,0.0,Urban,N,train
LN100065,Male,Yes,0,Graduate,No,3605,3618.0,217.0,360.0,1.0,Semiurban,Y,train
LN100066,Male,Yes,2,Graduate,No,5095,0.0,73.0,360.0,0.0,Semiurban,N,train
LN100067,Male,Yes,2,Graduate,No,5185,0.0,155.0,360.0,1.0,Semiurban,Y,train
LN100068,Male,Yes,0,Graduate,No,16199,0.0,94.0,360.0,1.0,Semiurban,Y,train
LN100069,Male,Yes,2,Not Graduate,No,3060,2161.0,118.0,360.0,0.0,Rural,N,train
LN100070,Female,No,1,Graduate,No,4763,0.0,71.0,360.0,1.0,Semiurban,N,train
LN100071,Male,Yes,2,Graduate,No,1267,1103.0,19.0,120.0,1.0,Urban,Y,train
LN100072,Male,Yes,2,Graduate,No,4882,0.0,120.0,360.0,1.0,Urban,N,train
LN100073,Male,Yes,0,Graduate,No,2247,2142.0,158.0,360.0,1.0,Semiurban,Y,train
LN100074,Male,Yes,2,Graduate,No,11417,1126.0,225.0,360.0,1.0,Urban,Y,train
LN100075,Male,Yes,0,Not Graduate,No,3572,4114.0,152.0,360.0,0.0,Rural,N,train
LN100076,Male,Yes,2,Graduate,Yes,5069,1918.0,164.0,360.0,1.0,Semiurban,Y,train
LN100077,Male,No,2,Graduate,No,3588,0.0,110.0,360.0,0.0,Rural,N,train
LN100078,Male,Yes,2,Graduate,No,5969,4705.0,137.0,360.0,1.0,Rural,Y,train
LN100079,Male,Yes,2,Graduate,Yes,5206,2355.0,168.0,360.0,1.0,Semiurban,Y,train
LN100080,Male,Yes,0,Graduate,No,5488,0.0,125.0,360.0,1.0,Rural,Y,train
LN100081,Male,Yes,1,Graduate,Yes,2691,0.0,85.0,360.0,1.0,Semiurban,Y,train
LN100082,Male,No,0,Graduate,No,5406,0.0,155.0,360.0,1.0,Urban,Y,train
LN100083,Male,No,0,Graduate,No,7093,4967.0,200.0,360.0,0.0,Rural,N,train
LN100084,Male,Yes,3+,Not Graduate,No,3932,0.0,109.0,180.0,1.0,Urban,N,train
LN100085,Male,Yes,1,Not Graduate,No,5071,1340.0,150.0,360.0,1.0,Urban,Y,train
LN100086,Male,Yes,1,Graduate,No,4554,670.0,175.0,360.0,1.0,Rural,Y,train
LN100087,Male,Yes,1,Graduate,No,2214,1398.0,85.0,360.0,1.0,Urban,Y,train
LN100088,Male,No,0,Graduate,No,20233,0.0,480.0,360.0,1.0,Rural,N,train
LN100089,Male,No,0,Not Graduate,No,3189,2598.0,120.0,360.0,1.0,Rural,Y,train
LN100090,Male,No,0,Graduate,No,13335,0.0,435.0,360.0,1.0,Semiurban,Y,train
LN100091,Male,No,1,Graduate,No,4953,1779.0,122.0,360.0,1.0,Urban,Y,train
LN100092,Male,No,1,Graduate,No,4384,1793.0,117.0,360.0,1.0,Urban,Y,train
LN100093,Male,Yes,0,Graduate,No,6371,5178.0,280.0,360.0,1.0,Semiurban,N,train
LN100094,Male,Yes,3+,Graduate,No,4475,0.0,110.0,360.0,1.0,Urban,Y,train
LN100095,Male,No,2,Graduate,No,4755,4121.0,170.0,360.0,1.0,Rural,Y,train
LN100096,Male,No,0,Graduate,No,6428,0.0,123.0,360.0,1.0,Rural,Y,train
LN100097,Female,Yes,0,Graduate,No,2524,503.0,133.0,360.0,1.0,Semiurban,Y,train
LN100098,Male,Yes,2,Graduate,No,3840,1483.0,152.0,360.0,0.0,Rural,N,train
LN100099,Male,Yes,2,Graduate,No,4687,3860.0,251.0,360.0,1.0,Semiurban,Y,train
LN100100,Male,No,0,Graduate,No,3505,2757.0,85.0,360.0,1.0,Rural,Y,train
LN100101,Male,Yes,2,Graduate,No,2146,1035.0,71.0,180.0,1.0,Urban,Y,train
LN100102,Male,Yes,3+,Graduate,No,5714,0.0,83.0,360.0,1.0,Urban,N,train
LN100103,Male,Yes,2,Graduate,No,3451,1830.0,155.0,360.0,0.0,Rural,N,train
LN100104,Male,Yes,2,Not Graduate,No,3878,1577.0,141.0,360.0,1.0,Rural,Y,train
LN100105,Male,Yes,0,Graduate,No,7774,896.0,192.0,360.0,1.0,Semiurban,Y,train
LN100106,Male,Yes,1,Graduate,No,13923,11700.0,321.0,360.0,1.0,Semiurban,N,train
LN100107,Male,Yes,0,Graduate,No,9004,2063.0,158.0,360.0,1.0,Rural,Y,train
LN100108,Female,No,0,Graduate,No,3962,0.0,72.0,360.0,0.0,Urban,N,train
LN100109,Male,No,0,Graduate,Yes,4668,0.0,120.0,360.0,1.0,Semiurban,Y,train
LN100110,Female,No,1,Not Graduate,Yes,4419,0.0,63.0,360.0,1.0,Semiurban,N,train
LN100111,Male,No,0,Graduate,No,5123,0.0,102.0,360.0,1.0,Semiurban,Y,train
LN100112,Male,Yes,0,Graduate,No,4430,2141.0,102.0,360.0,1.0,Urban,N,train
LN100113,Male,Yes,0,Graduate,No,5849,2181.0,191.0,360.0,1.0,Rural,Y,train
LN100114,Male,Yes,0,Graduate,No,6494,4571.0,279.0,360.0,1.0,Semiurban,Y,train
LN100115,Male,Yes,1,Graduate,No,3155,1779.0,140.0,360.0,1.0,Semiurban,Y,train
LN100116,Female,No,1,Graduate,Yes,8025,0.0,134.0,360.0,1.0,Semiurban,Y,train
LN100117,Male,Yes,2,Graduate,Yes,15924,947.0,169.0,360.0,1.0,Rural,Y,train
LN100118,Male,No,0,Graduate,No,3201,2211.0,129.0,360.0,1.0,Rural,Y,train
LN100119,Male,Yes,0,Graduate,No,2130,1406.0,103.0,360.0,1.0,Urban,Y,train
LN100120,Female,Yes,0,Graduate,No,2163,2174.0,127.0,360.0,1.0,Semiurban,Y,train
LN100121,Female,No,0,Graduate,No,4290,0.0,106.0,360.0,1.0,Semiurban,N,train
LN100122,Male,Yes,0,Graduate,No,9894,0.0,199.0,360.0,1.0,Semiurban,Y,train
LN100123,Male,No,0,Graduate,No,2278,2352.0,119.0,360.0,1.0,Semiurban,Y,train
LN100124,Male,No,0,Graduate,No,6826,0.0,119.0,360.0,1.0,Urban,N,train
LN100125,Male,Yes,1,Graduate,No,5776,1757.0,274.0,360.0,1.0,Semiurban,Y,train
LN100126,Male,Yes,1,Graduate,No,3286,1092.0,104.0,360.0,1.0,Urban,Y,train
LN100127,Male,Yes,1,Graduate,No,2785,1734.0,140.0,480.0,1.0,Semiurban,Y,train
LN100128,Male,Yes,2,Not Graduate,No,3672,896.0,113.0,360.0,1.0,Urban,Y,train
LN100129,Male,No,0,Graduate,Yes,11000,0.0,83.0,360.0,1.0,Urban,N,train
LN100130,Male,Yes,0,Graduate,No,1736,3558.0,125.0,360.0,1.0,Semiurban,Y,train
LN100131,Male,Yes,1,Graduate,No,4411,0.0,122.0,360.0,0.0,Rural,N,train
LN100132,Male,Yes,0,Graduate,No,4908,5750.0,187.0,360.0,1.0,Semiurban,Y,train
LN100133,Male,Yes,0,Not Graduate,Yes,4344,736.0,87.0,360.0,1.0,Semiurban,N,train
LN100134,Male,Yes,3+,Graduate,No,45390,0.0,558.0,180.0,0.0,Semiurban,Y,train
LN100135,Female,Yes,0,Not Graduate,Yes,8070,0.0,135.0,360.0,1.0,Rural,Y,train
LN100136,Male,Yes,2,Graduate,No,3368,7803.0,202.0,360.0,1.0,Urban,Y,train
LN100137,Male,Yes,1,Graduate,No,3417,1750.0,186.0,360.0,1.0,Urban,Y,train
LN100138,Male,Yes,0,Graduate,No,2430,2473.0,86.0,180.0,0.0,Rural,Y,train
LN100139,Male,Yes,0,Graduate,No,4511,3419.0,214.0,360.0,1.0,Semiurban,Y,train
LN100140,Male,Yes,1,Graduate,No,15668,0.0,209.0,180.0,1.0,Rural,Y,train
LN100141,Male,Yes,0,Graduate,No,1933,1138.0,88.0,360.0,0.0,Urban,N,train
LN100142,Female,No,0,Graduate,No,7004,0.0,128.0,360.0,1.0,Rural,Y,train
LN100143,Male,Yes,0,Not Graduate,No,5204,0.0,234.0,360.0,0.0,Rural,N,train
LN100144,Male,No,0,Graduate,No,5699,0.0,115.0,360.0,0.0,Rural,N,train
LN100145,Male,Yes,1,Graduate,No,2900,2547.0,157.0,360.0,1.0,Semiurban,N,train
LN100146,Male,Yes,3+,Not Graduate,No,5390,0.0,101.0,360.0,0.0,Semiurban,N,train
LN100147,Male,Yes,3+,Graduate,No,40302,0.0,592.0,180.0,0.0,Semiurban,Y,train
LN100148,Male,Yes,0,Graduate,No,2246,1785.0,95.0,360.0,1.0,Semiurban,Y,train
LN100149,Male,Yes,2,Graduate,Yes,6250,1300.0,108.0,360.0,1.0,Rural,Y,train
LN100150,Male,Yes,3+,Graduate,No,5003,3164.0,204.0,360.0,1.0,Semiurban,Y,train
LN100151,Male,Yes,1,Graduate,No,3511,0.0,99.0,360.0,1.0,Semiurban,Y,train
LN100152,Male,Yes,0,Graduate,No,2121,7555.0,80.0,180.0,1.0,Semiurban,N,train
LN100153,Male,No,0,Graduate,No,1926,1851.0,50.0,360.0,1.0,Semiurban,Y,train
LN100154,Male,Yes,0,Graduate,No,4572,0.0,111.0,360.0,1.0,Urban,Y,train
LN100155,Male,No,1,Graduate,No,33441,0.0,150.0,360.0,1.0,Semiurban,Y,train
LN100156,Male,No,0,Graduate,No,2786,3495.0,89.0,360.0,1.0,Rural,Y,train
LN100157,Male,No,0,Graduate,No,1663,4692.0,62.0,360.0,1.0,Rural,N,train
LN100158,Male,No,0,Graduate,Yes,5166,0.0,128.0,360.0,1.0,Semiurban,Y,train
LN100159,Male,Yes,2,Graduate,No,2853,0.0,89.0,360.0,1.0,Semiurban,Y,train
LN100160,Male,Yes,0,Not Graduate,No,3428,4000.0,107.0,360.0,1.0,Semiurban,Y,train
LN100161,Male,Yes,2,Graduate,No,2353,1319.0,86.0,360.0,1.0,Semiurban,Y,train
LN100162,Male,No,0,Graduate,No,6743,0.0,152.0,360.0,1.0,Rural,Y,train
LN100163,Male,Yes,3+,Graduate,No,3167,4000.0,180.0,300.0,0.0,Semiurban,N,train
LN100164,Female,No,0,Graduate,No,3686,0.0,44.0,360.0,1.0,Semiurban,Y,train
LN100165,Male,Yes,1,Graduate,Yes,10015,0.0,145.0,360.0,1.0,Rural,N,train
LN100166,Male,Yes,0,Graduate,Yes,9489,0.0,201.0,360.0,1.0,Semiurban,Y,train
LN100167,Male,Yes,2,Graduate,No,5819,5000.0,120.0,360.0,1.0,Rural,Y,train
LN100168,Male,Yes,1,Graduate,No,3125,2583.0,170.0,360.0,1.0,Semiurban,N,train
LN100169,Male,Yes,0,Graduate,No,2383,3334.0,172.0,360.0,1.0,Semiurban,Y,train
LN100170,Male,No,3+,Graduate,No,9167,0.0,185.0,360.0,1.0,Rural,Y,train
LN100171,Male,No,2,Graduate,No,5134,0.0,142.0,360.0,0.0,Semiurban,Y,train
LN100172,Male,Yes,0,Not Graduate,Yes,4134,801.0,81.0,360.0,1.0,Semiurban,N,train
LN100173,Male,Yes,0,Graduate,No,3103,1300.0,80.0,360.0,1.0,Urban,Y,train
LN100174,Male,Yes,1,Not Graduate,No,4050,5302.0,138.0,360.0,1.0,Rural,N,train
LN100175,Male,No,1,Graduate,Yes,5245,0.0,100.0,360.0,1.0,Rural,N,train
LN100176,Female,No,0,Not Graduate,No,1907,2365.0,120.0,360.0,1.0,Urban,Y,train
LN100177,Male,No,0,Graduate,No,5762,4638.0,328.0,360.0,1.0,Semiurban,Y,train
LN100178,Male,Yes,3+,Not Graduate,No,3433,0.0,73.0,360.0,1.0,Semiurban,Y,train
LN100179,Female,No,1,Graduate,No,3682,0.0,105.0,360.0,1.0,Semiurban,Y,train
LN100180,Male,Yes,3+,Graduate,No,4117,7299.0,247.0,360.0,1.0,Semiurban,N,train
LN100181,Male,Yes,2,Graduate,No,3073,8106.0,200.0,360.0,1.0,Urban,Y,train
LN100182,Male,Yes,2,Not Graduate,No,6125,1625.0,187.0,480.0,1.0,Semiurban,N,train
LN100183,Male,Yes,3+,Not Graduate,Yes,5802,0.0,118.0,360.0,1.0,Rural,Y,train
LN100184,Male,Yes,0,Graduate,No,20135,0.0,138.0,360.0,1.0,Rural,N,train
LN100185,Female,No,0,Graduate,No,5441,0.0,137.0,360.0,1.0,Urban,Y,train
LN100186,Male,Yes,0,Graduate,No,1851,1001.0,56.0,360.0,1.0,Semiurban,Y,train
LN100187,Female,No,0,Graduate,No,5656,0.0,117.0,360.0,0.0,Semiurban,N,train
LN100188,Female,No,1,Graduate,No,3541,0.0,112.0,360.0,1.0,Semiurban,Y,train
LN100189,Female,No,0,Graduate,No,5017,0.0,89.0,360.0,0.0,Semiurban,N,train
LN100190,Male,Yes,0,Graduate,No,4202,2844.0,141.0,180.0,1.0,Rural,Y,train
LN100191,Male,Yes,3+,Graduate,No,8750,4996.0,130.0,360.0,1.0,Rural,Y,train
LN100192,Male,Yes,2,Graduate,Yes,5263,0.0,127.0,84.0,1.0,Rural,Y,train
LN100193,Female,No,0,Graduate,No,2929,0.0,34.0,360.0,1.0,Urban,Y,train
LN100194,Female,No,0,Not Graduate,No,2092,0.0,69.0,360.0,1.0,Rural,Y,train
LN100195,Male,Yes,2,Graduate,No,9703,0.0,112.0,360.0,1.0,Urban,Y,train
LN100196,Male,No,0,Graduate,No,2718,0.0,70.0,360.0,1.0,Semiurban,Y,train
LN100197,Female,Yes,0,Graduate,No,2485,3131.0,112.0,360.0,0.0,Urban,N,train
LN100198,Male,Yes,0,Not Graduate,No,2296,1597.0,109.0,360.0,1.0,Urban,Y,train
LN100199,Male,Yes,3+,Graduate,No,76174,0.0,319.0,360.0,0.0,Rural,N,train
LN100200,Male,Yes,2,Graduate,No,5658,0.0,68.0,360.0,0.0,Semiurban,N,train
LN100201,Male,Yes,0,Not Graduate,No,2513,2114.0,115.0,360.0,1.0,Urban,Y,train
LN100202,Male,No,0,Not Graduate,No,2808,2313.0,110.0,360.0,1.0,Rural,Y,train
LN100203,Female,No,0,Graduate,No,2667,0.0,10.0,360.0,1.0,Urban,N,train
LN100204,Male,Yes,1,Graduate,No,3789,2313.0,161.0,360.0,1.0,Semiurban,Y,train
LN100205,Male,Yes,0,Graduate,No,2944,2258.0,118.0,360.0,1.0,Semiurban,Y,train
LN100206,Male,Yes,0,Graduate,No,4659,3980.0,123.0,360.0,1.0,Semiurban,Y,train
LN100207,Male,No,1,Graduate,Yes,4692,0.0,106.0,360.0,1.0,Rural,N,train
LN100208,Male,Yes,1,Graduate,No,3988,0.0,50.0,240.0,1.0,Urban,Y,train
LN100209,Male,No,0,Graduate,No,12876,0.0,405.0,360.0,1.0,Semiurban,Y,train
LN100210,Male,Yes,2,Graduate,No,4763,1261.0,136.0,360.0,1.0,Rural,Y,train
LN100211,Male,Yes,3+,Graduate,No,4342,189.0,124.0,360.0,1.0,Semiurban,Y,train
LN100212,Male,Yes,0,Graduate,No,5552,2252.0,232.0,360.0,1.0,Rural,Y,train
LN100213,Male,No,0,Graduate,No,3046,0.0,62.0,480.0,1.0,Urban,N,train
LN100214,Male,No,0,Not Graduate,No,2000,0.0,128.0,360.0,1.0,Urban,N,train
LN100215,Male,Yes,0,Graduate,No,15893,0.0,438.0,360.0,1.0,Semiurban,Y,train
LN100216,Male,Yes,3+,Graduate,No,9866,0.0,306.0,360.0,1.0,Rural,Y,train
LN100217,Male,Yes,0,Graduate,No,16846,0.0,99.0,360.0,1.0,Semiurban,Y,train
LN100218,Male,No,2,Graduate,No,5590,0.0,159.0,360.0,0.0,Semiurban,Y,train
LN100219,Male,Yes,0,Not Graduate,No,3142,2758.0,115.0,360.0,0.0,Urban,N,train
LN100220,Male,Yes,0,Graduate,No,2966,3631.0,48.0,180.0,1.0,Semiurban,Y,train
LN100221,Male,Yes,1,Graduate,Yes,8666,4983.0,376.0,360.0,0.0,Rural,N,train
LN100222,Male,Yes,0,Graduate,No,14370,0.0,411.0,360.0,1.0,Semiurban,Y,train
LN100223,Male,Yes,0,Not Graduate,No,3286,572.0,68.0,360.0,1.0,Rural,N,train
LN100224,Male,Yes,1,Not Graduate,No,3130,1025.0,144.0,360.0,1.0,Urban,Y,train
LN100225,Male,Yes,1,Not Graduate,No,4511,4785.0,152.0,360.0,1.0,Rural,N,train
LN100226,Male,No,0,Not Graduate,No,6973,0.0,117.0,360.0,1.0,Rural,N,train
LN100227,Male,No,0,Graduate,No,3532,2964.0,82.0,360.0,1.0,Rural,Y,train
LN100228,Male,Yes,3+,Not Graduate,No,5426,0.0,146.0,360.0,1.0,Semiurban,N,train
LN100229,Male,No,0,Graduate,No,3325,0.0,102.0,360.0,1.0,Semiurban,Y,train
LN100230,Male,Yes,2,Graduate,No,5782,5377.0,169.0,180.0,1.0,Semiurban,Y,train
LN100231,Male,Yes,1,Graduate,No,5043,696.0,166.0,360.0,1.0,Rural,Y,train
LN100232,Female,No,0,Graduate,No,11330,1770.0,253.0,360.0,1.0,Rural,N,train
LN100233,Male,Yes,3+,Graduate,Yes,5945,1873.0,207.0,360.0,1.0,Semiurban,Y,train
LN100234,Male,No,2,Graduate,No,4354,0.0,136.0,360.0,1.0,Rural,Y,train
LN100235,Male,Yes,2,Graduate,No,7583,0.0,187.0,360.0,1.0,Urban,Y,train
LN100236,Male,No,0,Not Graduate,No,6851,0.0,123.0,360.0,1.0,Rural,N,train
LN100237,Male,No,0,Graduate,No,3750,0.0,100.0,360.0,1.0,Urban,Y,train
LN100238,Male,Yes,1,Graduate,Yes,923,3083.0,108.0,360.0,1.0,Urban,N,train
LN100239,Male,No,0,Not Graduate,Yes,6369,0.0,129.0,360.0,1.0,Semiurban,Y,train
LN100240,Male,No,0,Graduate,Yes,7167,0.0,128.0,360.0,1.0,Urban,Y,train
LN100241,Male,No,3+,Graduate,Yes,9218,0.0,326.0,360.0,1.0,Semiurban,Y,train
LN100242,Male,Yes,0,Graduate,No,19268,7544.0,447.0,360.0,1.0,Urban,Y,train
LN100243,Male,Yes,1,Graduate,No,10640,0.0,344.0,360.0,1.0,Urban,Y,train
LN100244,Male,Yes,2,Graduate,No,7656,0.0,226.0,360.0,0.0,Urban,N,train
LN100245,Male,No,0,Graduate,No,3095,0.0,64.0,360.0,1.0,Urban,Y,train
LN100246,Male,Yes,1,Not Graduate,No,3974,5611.0,149.0,360.0,1.0,Rural,N,train
LN100247,Male,Yes,1,Graduate,No,3074,1855.0,200.0,360.0,1.0,Urban,Y,train
LN100248,Male,No,0,Graduate,No,4320,0.0,100.0,360.0,1.0,Semiurban,Y,train
LN100249,Female,No,0,Graduate,No,11251,1691.0,192.0,360.0,1.0,Rural,N,train
LN100250,Male,Yes,3+,Graduate,No,23803,0.0,370.0,360.0,1.0,Rural,Y,train
LN100251,Male,Yes,2,Graduate,No,6214,5532.0,108.0,360.0,1.0,Rural,Y,train
LN100252,Female,Yes,0,Graduate,No,4583,0.0,112.0,360.0,1.0,Rural,N,train
LN100253,Male,Yes,1,Graduate,No,6105,0.0,49.0,360.0,1.0,Urban,Y,train
LN100254,Male,Yes,1,Graduate,No,4370,0.0,45.0,240.0,1.0,Urban,Y,train
LN100255,Male,Yes,3+,Graduate,No,3843,8245.0,307.0,360.0,1.0,Semiurban,N,train
LN100256,Male,Yes,2,Graduate,No,2745,1226.0,100.0,360.0,1.0,Urban,Y,train
LN100257,Male,Yes,0,Graduate,Yes,3459,0.0,25.0,120.0,1.0,Semiurban,Y,train
LN100258,Male,Yes,2,Not Graduate,No,4499,0.0,105.0,360.0,1.0,Rural,Y,train
LN100259,Male,Yes,0,Graduate,No,5726,4595.0,258.0,360.0,1.0,Semiurban,N,train
LN100260,Female,No,0,Graduate,No,4547,0.0,115.0,360.0,1.0,Semiurban,Y,train
LN100261,Male,Yes,1,Graduate,No,2718,2105.0,106.0,360.0,1.0,Semiurban,Y,train
LN100262,Female,No,0,Graduate,Yes,3463,0.0,122.0,360.0,1.0,Urban,Y,train
LN100263,Male,Yes,0,Graduate,No,3391,1954.0,106.0,360.0,1.0,Rural,Y,train
LN100264,Male,Yes,1,Not Graduate,No,3993,5801.0,158.0,360.0,1.0,Rural,N,train
LN100265,Female,Yes,0,Graduate,No,4201,0.0,94.0,360.0,1.0,Rural,N,train
LN100266,Male,No,1,Not Graduate,No,2537,1369.0,85.0,360.0,1.0,Semiurban,Y,train
LN100267,Male,Yes,1,Graduate,No,2787,1917.0,146.0,360.0,0.0,Rural,N,train
LN100268,Male,No,1,Graduate,No,11250,0.0,196.0,360.0,1.0,Semiurban,N,train
LN100269,Male,No,1,Graduate,No,40963,0.0,155.0,360.0,1.0,Semiurban,Y,train
LN100270,Male,Yes,0,Graduate,No,5695,4167.0,175.0,360.0,1.0,Semiurban,Y,train
LN100271,Female,No,0,Graduate,No,1861,9846.0,153.0,360.0,0.0,Semiurban,Y,train
LN100272,Male,Yes,0,Graduate,No,4269,0.0,96.0,360.0,1.0,Semiurban,Y,train
LN100273,Male,Yes,3+,Graduate,No,5507,0.0,103.0,360.0,1.0,Urban,N,train
LN100274,Female,No,3+,Graduate,No,2823,0.0,242.0,360.0,1.0,Rural,Y,train
LN100275,Male,Yes,0,Graduate,No,3941,1854.0,168.0,360.0,0.0,Rural,N,train
LN100276,Male,Yes,0,Graduate,No,6256,0.0,160.0,360.0,1.0,Urban,Y,train
LN100277,Male,Yes,1,Graduate,No,4421,2584.0,168.0,84.0,1.0,Rural,N,train
LN100278,Male,Yes,2,Graduate,Yes,4102,2331.0,159.0,360.0,1.0,Semiurban,Y,train
LN100279,Male,No,0,Graduate,No,3378,2104.0,126.0,360.0,1.0,Rural,Y,train
LN100280,Male,No,0,Graduate,No,3418,0.0,127.0,360.0,1.0,Semiurban,N,train
LN100281,Female,No,0,Graduate,No,4583,2286.0,146.0,480.0,1.0,Rural,N,train
LN100282,Male,Yes,0,Not Graduate,No,3008,462.0,69.0,360.0,1.0,Rural,N,train
LN100283,Male,Yes,0,Graduate,Yes,2577,3750.0,152.0,360.0,1.0,Rural,Y,train
LN100284,Male,No,0,Not Graduate,No,6783,0.0,130.0,360.0,1.0,Semiurban,Y,train
LN100285,Female,Yes,0,Graduate,No,3416,2816.0,113.0,360.0,1.0,Semiurban,Y,train
LN100286,Female,No,0,Graduate,No,2137,8980.0,137.0,360.0,0.0,Semiurban,Y,train
LN100287,Male,Yes,0,Graduate,No,1809,1868.0,90.0,360.0,1.0,Urban,Y,train
LN100288,Male,Yes,3+,Not Graduate,No,3077,0.0,118.0,360.0,1.0,Rural,Y,train
LN100289,Male,No,0,Graduate,Yes,6945,0.0,122.0,360.0,1.0,Urban,Y,train
LN100290,Male,Yes,0,Graduate,No,2541,3482.0,126.0,360.0,1.0,Rural,Y,train
LN100291,Male,Yes,2,Graduate,Yes,8037,8081.0,331.0,300.0,1.0,Rural,Y,train
LN100292,Male,Yes,1,Not Graduate,No,3287,1056.0,147.0,360.0,1.0,Urban,Y,train
LN100293,Male,Yes,1,Not Graduate,No,3831,1885.0,111.0,180.0,1.0,Urban,Y,train
LN100294,Male,Yes,0,Graduate,No,3266,1685.0,105.0,360.0,1.0,Rural,Y,train
LN100295,Male,Yes,0,Graduate,No,4310,0.0,130.0,360.0,1.0,Semiurban,Y,train
LN100296,Male,No,0,Graduate,No,16592,0.0,238.0,360.0,0.0,Semiurban,N,train
LN100297,Male,No,1,Graduate,No,3909,1780.0,125.0,360.0,1.0,Urban,Y,train
LN100298,Female,No,0,Graduate,No,7535,0.0,292.0,360.0,1.0,Semiurban,Y,train
LN100299,Male,No,0,Graduate,No,3750,0.0,113.0,480.0,1.0,Urban,N,train
LN100300,Male,Yes,1,Graduate,Yes,8202,0.0,232.0,360.0,1.0,Urban,Y,train
LN100301,Female,Yes,0,Graduate,No,3492,2238.0,168.0,360.0,1.0,Semiurban,Y,train
LN100302,Male,Yes,1,Graduate,No,4835,0.0,123.0,360.0,0.0,Rural,N,train
LN100303,Female,No,0,Not Graduate,No,1944,0.0,61.0,360.0,1.0,Rural,Y,train
LN100304,Male,No,2,Graduate,No,3547,0.0,80.0,360.0,0.0,Rural,N,train
LN100305,Male,No,0,Not Graduate,No,3077,2488.0,108.0,360.0,1.0,Rural,Y,train
LN100306,Female,No,0,Graduate,No,2562,0.0,61.0,360.0,1.0,Rural,Y,train
LN100307,Female,Yes,0,Graduate,No,3116,2141.0,140.0,360.0,1.0,Semiurban,Y,train
LN100308,Male,Yes,1,Graduate,No,36459,0.0,296.0,360.0,1.0,Semiurban,N,train
LN100309,Male,No,0,Graduate,Yes,16250,0.0,192.0,360.0,0.0,Urban,N,train
LN100310,Male,Yes,1,Graduate,No,9432,0.0,196.0,360.0,1.0,Urban,Y,train
LN100311,Male,Yes,3+,Graduate,No,4145,2033.0,147.0,360.0,0.0,Urban,Y,train
LN100312,Female,Yes,0,Graduate,No,10047,0.0,128.0,240.0,1.0,Semiurban,Y,train
LN100313,Male,Yes,1,Graduate,No,7326,0.0,138.0,300.0,0.0,Semiurban,N,train
LN100314,Male,Yes,0,Graduate,No,5585,0.0,229.0,360.0,1.0,Urban,N,train
LN100315,Male,Yes,0,Graduate,No,3629,2436.0,104.0,360.0,0.0,Rural,N,train
LN100316,Male,Yes,3+,Not Graduate,No,2861,1803.0,187.0,360.0,1.0,Rural,N,train
LN100317,Male,Yes,1,Graduate,No,33846,0.0,260.0,360.0,1.0,Semiurban,N,train
LN100318,Male,Yes,2,Graduate,Yes,1520,17921.0,208.0,360.0,1.0,Urban,N,train
LN100319,Male,Yes,0,Graduate,No,1711,1217.0,109.0,360.0,0.0,Urban,N,train
LN100320,Male,No,0,Graduate,Yes,7588,0.0,187.0,180.0,1.0,Semiurban,Y,train
LN100321,Female,No,1,Graduate,No,3193,1374.0,80.0,360.0,1.0,Urban,Y,train
LN100322,Female,No,0,Graduate,No,4475,0.0,120.0,360.0,1.0,Semiurban,Y,train
LN100323,Male,Yes,2,Graduate,Yes,3316,3500.0,88.0,360.0,1.0,Urban,Y,train
LN100324,Female,No,0,Graduate,Yes,6598,0.0,211.0,360.0,1.0,Rural,N,train
LN100325,Male,Yes,2,Graduate,Yes,16525,1014.0,150.0,360.0,1.0,Rural,Y,train
LN100326,Female,No,0,Graduate,No,7894,0.0,108.0,360.0,1.0,Rural,Y,train
LN100327,Male,No,0,Graduate,No,4843,3806.0,151.0,360.0,1.0,Semiurban,Y,train
LN100328,Male,Yes,0,Graduate,No,3191,2056.0,120.0,360.0,0.0,Rural,N,train
LN100329,Male,Yes,1,Not Graduate,No,2655,2210.0,141.0,360.0,1.0,Rural,Y,train
LN100330,Male,Yes,0,Graduate,No,1828,1330.0,100.0,360.0,0.0,Urban,N,train
LN100331,Female,No,0,Graduate,Yes,6398,0.0,176.0,360.0,1.0,Rural,N,train
LN100332,Female,No,0,Graduate,No,2614,0.0,82.0,360.0,1.0,Semiurban,Y,train
LN100333,Male,No,0,Graduate,Yes,6366,4125.0,118.0,180.0,1.0,Urban,N,train
LN100334,Female,Yes,0,Graduate,No,2612,3145.0,134.0,360.0,0.0,Urban,N,train
LN100335,Male,Yes,0,Graduate,No,3497,1964.0,116.0,360.0,1.0,Rural,Y,train
LN100336,Male,Yes,1,Graduate,No,6209,0.0,42.0,360.0,1.0,Urban,Y,train
LN100337,Female,No,0,Graduate,No,4682,0.0,134.0,360.0,1.0,Rural,Y,train
LN100338,Male,Yes,0,Graduate,No,1178,3049.0,111.0,360.0,1.0,Rural,Y,train
LN100339,Female,No,0,Graduate,No,4300,0.0,136.0,360.0,0.0,Semiurban,N,train
LN100340,Male,No,0,Graduate,No,12862,0.0,372.0,360.0,1.0,Semiurban,Y,train
LN100341,Male,Yes,0,Graduate,No,65436,0.0,552.0,180.0,1.0,Urban,Y,train
LN100342,Male,No,0,Graduate,No,2833,0.0,71.0,360.0,1.0,Urban,Y,train
LN100343,Male,No,0,Graduate,No,4808,1896.0,128.0,360.0,1.0,Semiurban,N,train
LN100344,Male,Yes,0,Graduate,No,1872,1684.0,90.0,360.0,1.0,Semiurban,Y,train
LN100345,Male,No,1,Graduate,Yes,5048,0.0,104.0,360.0,1.0,Rural,N,train
LN100346,Female,Yes,0,Graduate,No,3052,2576.0,174.0,360.0,1.0,Semiurban,Y,train
LN100347,Male,No,2,Graduate,No,5532,4648.0,162.0,360.0,1.0,Rural,Y,train
LN100348,Male,Yes,0,Graduate,No,3207,1955.0,129.0,360.0,1.0,Semiurban,Y,train
LN100349,Male,No,0,Graduate,No,3787,0.0,110.0,360.0,1.0,Semiurban,N,train
LN100350,Female,No,0,Not Graduate,No,4001,0.0,143.0,360.0,1.0,Rural,Y,train
LN100351,Female,No,0,Graduate,No,9467,0.0,199.0,360.0,1.0,Semiurban,N,train
LN100352,Male,Yes,0,Graduate,No,3597,2157.0,119.0,360.0,0.0,Rural,N,train
LN100353,Male,No,0,Graduate,No,8507,0.0,239.0,360.0,1.0,Urban,N,train
LN100354,Male,No,0,Graduate,No,4012,0.0,97.0,360.0,0.0,Semiurban,N,train
LN100355,Male,Yes,1,Graduate,No,4253,2987.0,164.0,360.0,1.0,Semiurban,N,train
LN100356,Male,Yes,2,Not Graduate,No,1963,1422.0,139.0,360.0,0.0,Rural,N,train
LN100357,Male,Yes,1,Graduate,Yes,8814,0.0,235.0,360.0,1.0,Urban,Y,train
LN100358,Male,No,0,Graduate,No,3872,1541.0,110.0,360.0,1.0,Rural,Y,train
LN100359,Male,Yes,3+,Graduate,No,5215,0.0,81.0,360.0,1.0,Urban,N,train
LN100360,Male,No,0,Graduate,Yes,7748,0.0,124.0,360.0,1.0,Urban,Y,train
LN100361,Male,Yes,3+,Graduate,No,4333,1811.0,160.0,360.0,0.0,Urban,Y,train
LN100362,Female,No,0,Graduate,No,8846,0.0,201.0,360.0,1.0,Semiurban,N,train
LN100363,Male,No,0,Graduate,No,4019,2856.0,145.0,360.0,1.0,Rural,Y,train
LN100364,Male,Yes,3+,Graduate,No,41026,0.0,588.0,180.0,0.0,Semiurban,Y,train
LN100365,Male,Yes,0,Graduate,No,59931,0.0,461.0,180.0,1.0,Urban,Y,train
LN100366,Male,No,0,Graduate,No,5101,0.0,130.0,360.0,1.0,Urban,Y,train
LN100367,Male,Yes,1,Graduate,No,3219,1523.0,138.0,360.0,1.0,Semiurban,Y,train
LN100368,Male,Yes,1,Graduate,No,5649,0.0,44.0,360.0,1.0,Urban,Y,train
LN100369,Male,Yes,2,Not Graduate,No,4652,0.0,110.0,360.0,1.0,Rural,Y,train
LN100370,Male,Yes,0,Graduate,No,13741,0.0,109.0,360.0,1.0,Urban,Y,train
LN100371,Male,Yes,0,Graduate,No,2568,4147.0,121.0,360.0,1.0,Rural,Y,train
LN100372,Male,Yes,0,Graduate,No,5437,0.0,239.0,360.0,1.0,Urban,N,train
LN100373,Male,Yes,1,Graduate,No,6632,5058.0,356.0,360.0,1.0,Urban,Y,train
LN100374,Male,No,0,Graduate,Yes,6950,0.0,175.0,180.0,1.0,Semiurban,Y,train
LN100375,Male,No,0,Graduate,Yes,6243,3837.0,103.0,180.0,1.0,Urban,N,train
LN100376,Male,Yes,3+,Not Graduate,No,3416,0.0,86.0,180.0,1.0,Rural,N,train
LN100377,Male,Yes,2,Graduate,No,3173,550.0,131.0,360.0,1.0,Semiurban,Y,train
LN100378,Female,Yes,1,Graduate,No,5243,0.0,150.0,360.0,1.0,Urban,Y,train
LN100379,Male,Yes,0,Graduate,No,5746,0.0,255.0,360.0,1.0,Urban,N,train
LN100380,Male,No,0,Graduate,Yes,16200,0.0,191.0,360.0,0.0,Urban,N,train
LN100381,Female,Yes,0,Graduate,No,3682,3177.0,126.0,360.0,1.0,Semiurban,Y,train
LN100382,Male,Yes,1,Not Graduate,No,2252,2560.0,117.0,360.0,1.0,Urban,Y,train
LN100383,Male,Yes,2,Graduate,No,4006,1526.0,168.0,360.0,1.0,Urban,Y,train
LN100384,Male,Yes,1,Graduate,No,2508,1558.0,73.0,360.0,1.0,Urban,Y,train
LN100385,Male,Yes,0,Not Graduate,No,2676,3744.0,141.0,180.0,1.0,Urban,N,train
LN100386,Male,No,0,Graduate,No,3882,0.0,92.0,300.0,1.0,Semiurban,Y,train
LN100387,Female,No,0,Graduate,No,2716,0.0,68.0,360.0,0.0,Urban,N,train
LN100388,Male,Yes,3+,Graduate,No,3627,3158.0,140.0,360.0,1.0,Rural,Y,train
LN100389,Male,Yes,1,Graduate,Yes,936,2767.0,102.0,360.0,1.0,Urban,N,train
LN100390,Male,Yes,3+,Graduate,No,4564,0.0,46.0,180.0,1.0,Rural,Y,train
LN100391,Male,Yes,2,Graduate,Yes,5542,4806.0,260.0,360.0,1.0,Urban,Y,train
LN100392,Male,Yes,2,Graduate,No,4413,0.0,82.0,360.0,0.0,Semiurban,N,train
LN100393,Male,Yes,0,Not Graduate,No,4589,2033.0,185.0,360.0,1.0,Rural,Y,train
LN100394,Male,Yes,3+,Not Graduate,No,3850,983.0,100.0,360.0,1.0,Semiurban,Y,train
LN100395,Male,No,1,Not Graduate,No,3596,0.0,100.0,240.0,1.0,Urban,Y,train
LN100396,Male,Yes,0,Graduate,No,2213,1139.0,43.0,360.0,1.0,Semiurban,Y,train
LN100397,Male,Yes,1,Graduate,Yes,2395,0.0,128.0,360.0,1.0,Semiurban,Y,train
LN100398,Male,Yes,0,Graduate,No,5568,2142.0,175.0,360.0,1.0,Rural,N,train
LN100399,Male,Yes,1,Graduate,No,3494,945.0,107.0,360.0,1.0,Urban,Y,train
LN100400,Male,No,0,Graduate,No,7147,4163.0,200.0,360.0,0.0,Rural,N,train
LN100401,Female,No,1,Graduate,No,12481,0.0,42.0,360.0,1.0,Urban,Y,train
LN100402,Male,Yes,2,Graduate,No,2536,0.0,76.0,360.0,1.0,Semiurban,Y,train
LN100403,Male,No,0,Not Graduate,No,3920,1814.0,121.0,360.0,1.0,Rural,Y,train
LN100404,Male,Yes,0,Not Graduate,No,3406,4417.0,123.0,360.0,1.0,Semiurban,Y,train
LN100405,Male,Yes,2,Graduate,No,8333,0.0,246.0,360.0,1.0,Semiurban,Y,train
LN100406,Male,No,0,Graduate,No,4121,1807.0,173.0,360.0,1.0,Semiurban,N,train
LN100407,Male,Yes,0,Not Graduate,No,3045,1685.0,112.0,480.0,0.0,Urban,N,train
LN100408,Male,No,1,Graduate,No,4342,1761.0,115.0,360.0,1.0,Urban,Y,train
LN100409,Male,Yes,0,Not Graduate,No,2511,2842.0,164.0,360.0,1.0,Rural,Y,train
LN100410,Male,Yes,0,Graduate,No,4016,0.0,141.0,360.0,1.0,Semiurban,Y,train
LN100411,Male,Yes,2,Graduate,No,4250,1637.0,163.0,360.0,1.0,Rural,Y,train
LN100412,Male,Yes,2,Not Graduate,No,4319,1364.0,110.0,360.0,1.0,Rural,N,train
LN100413,Male,Yes,1,Not Graduate,No,2600,2500.0,90.0,360.0,1.0,Semiurban,Y,train
LN100414,Male,No,0,Graduate,No,4979,0.0,141.0,360.0,1.0,Urban,Y,train
LN100415,Male,No,0,Graduate,No,1585,1204.0,50.0,360.0,1.0,Urban,Y,train
LN100416,Male,Yes,2,Graduate,Yes,19009,0.0,426.0,360.0,1.0,Rural,Y,train
LN100417,Male,No,0,Graduate,No,3777,0.0,135.0,360.0,1.0,Semiurban,N,train
LN100418,Male,Yes,0,Graduate,No,10833,0.0,234.0,360.0,1.0,Semiurban,Y,train
LN100419,Male,Yes,1,Not Graduate,No,2230,1789.0,133.0,180.0,1.0,Urban,N,train
LN100420,Male,No,2,Graduate,No,4923,0.0,166.0,360.0,0.0,Semiurban,Y,train
LN100421,Male,Yes,0,Not Graduate,No,2126,3337.0,128.0,180.0,1.0,Urban,N,train
LN100422,Male,No,3+,Graduate,Yes,8554,0.0,257.0,360.0,1.0,Semiurban,Y,train
LN100423,Male,No,0,Graduate,No,5941,4232.0,296.0,360.0,1.0,Semiurban,Y,train
LN100424,Male,Yes,2,Graduate,Yes,9500,7420.0,404.0,300.0,1.0,Rural,Y,train
LN100425,Male,Yes,1,Graduate,No,9456,0.0,151.0,300.0,0.0,Semiurban,N,train
LN100426,Male,Yes,3+,Graduate,No,4002,216.0,134.0,360.0,1.0,Semiurban,Y,train
LN100427,Male,No,0,Not Graduate,No,1718,0.0,135.0,360.0,1.0,Urban,N,train
LN100428,Male,No,0,Graduate,No,3167,0.0,74.0,360.0,1.0,Urban,N,train
LN100429,Male,No,0,Graduate,No,2935,0.0,98.0,360.0,1.0,Semiurban,Y,train
LN100430,Female,No,1,Graduate,No,4052,0.0,117.0,360.0,1.0,Semiurban,Y,train
LN100431,Female,No,1,Not Graduate,No,5092,0.0,131.0,360.0,1.0,Semiurban,Y,train
LN100432,Male,Yes,0,Graduate,No,3277,1577.0,99.0,360.0,1.0,Urban,Y,train
LN100433,Female,No,0,Not Graduate,No,3400,0.0,95.0,360.0,1.0,Rural,N,train
LN100434,Male,Yes,2,Graduate,No,3228,1490.0,149.0,360.0,0.0,Rural,N,train
LN100435,Male,Yes,0,Graduate,No,1807,1615.0,97.0,360.0,1.0,Urban,Y,train
LN100436,Male,Yes,2,Graduate,No,8969,0.0,214.0,360.0,1.0,Semiurban,Y,train
LN100437,Male,No,1,Graduate,No,4788,1671.0,126.0,360.0,1.0,Urban,Y,train
LN100438,Male,Yes,0,Graduate,No,20833,6667.0,480.0,360.0,1.0,Urban,Y,train
LN100439,Male,Yes,1,Graduate,No,6397,3741.0,321.0,360.0,1.0,Urban,Y,train
LN100440,Male,Yes,0,Graduate,No,6195,1846.0,242.0,360.0,1.0,Rural,Y,train
LN100441,Female,Yes,1,Graduate,Yes,20916,0.0,668.0,360.0,1.0,Semiurban,Y,train
LN100442,Male,No,0,Graduate,No,4990,0.0,133.0,360.0,1.0,Urban,Y,train
LN100443,Male,Yes,0,Graduate,No,3101,1514.0,122.0,360.0,1.0,Semiurban,Y,train
LN100444,Male,No,0,Graduate,No,5545,0.0,139.0,360.0,1.0,Urban,Y,train
LN100445,Male,No,0,Graduate,Yes,7494,0.0,146.0,360.0,1.0,Rural,Y,train
LN100446,Female,No,0,Graduate,No,2400,1863.0,104.0,360.0,0.0,Urban,N,train
LN100447,Male,Yes,3+,Not Graduate,Yes,6256,0.0,129.0,360.0,1.0,Rural,Y,train
LN100448,Female,Yes,2,Not Graduate,No,210,2917.0,98.0,360.0,1.0,Semiurban,Y,train
LN100449,Female,No,0,Graduate,Yes,2524,1585.0,104.0,300.0,1.0,Semiurban,N,train
LN100450,Male,Yes,0,Graduate,No,10683,0.0,192.0,180.0,1.0,Rural,Y,train
LN100451,Female,No,2,Graduate,No,3607,0.0,144.0,360.0,1.0,Urban,N,train
LN100452,Male,Yes,0,Graduate,No,3994,1554.0,117.0,360.0,1.0,Semiurban,Y,train
LN100453,Male,Yes,1,Not Graduate,No,4554,1229.0,158.0,360.0,1.0,Urban,Y,train
LN100454,Male,No,0,Graduate,No,2971,2791.0,144.0,360.0,1.0,Semiurban,Y,train
LN100455,Male,No,0,Graduate,Yes,6087,0.0,134.0,360.0,1.0,Rural,Y,train
LN100456,Male,Yes,2,Graduate,Yes,2500,4600.0,176.0,360.0,1.0,Rural,Y,train
LN100457,Male,Yes,2,Graduate,No,6735,0.0,212.0,360.0,1.0,Semiurban,Y,train
LN100458,Male,Yes,0,Graduate,Yes,10402,0.0,192.0,360.0,1.0,Semiurban,Y,train
LN100459,Male,Yes,1,Graduate,No,1792,2380.0,119.0,360.0,1.0,Rural,Y,train
LN100460,Male,No,0,Graduate,Yes,10243,0.0,80.0,360.0,1.0,Urban,N,train
LN100461,Male,Yes,0,Not Graduate,No,3811,3574.0,157.0,360.0,0.0,Rural,N,train
LN100462,Male,Yes,2,Graduate,No,1132,978.0,16.0,120.0,1.0,Urban,Y,train
LN100463,Male,Yes,2,Graduate,No,7168,0.0,245.0,360.0,1.0,Semiurban,Y,train
LN100464,Male,Yes,1,Not Graduate,No,3900,5752.0,148.0,360.0,1.0,Rural,N,train
LN100465,Male,Yes,0,Not Graduate,No,2500,2616.0,173.0,360.0,1.0,Rural,Y,train
LN100466,Male,Yes,0,Graduate,No,13430,0.0,426.0,360.0,1.0,Semiurban,Y,train
LN100467,Male,Yes,2,Not Graduate,No,4763,1140.0,110.0,360.0,1.0,Urban,Y,train
LN100468,Male,Yes,0,Graduate,No,2032,1707.0,113.0,360.0,1.0,Urban,Y,train
LN100469,Male,Yes,1,Graduate,No,4283,3000.0,172.0,84.0,1.0,Rural,N,train
LN100470,Male,No,0,Graduate,Yes,5898,0.0,208.0,360.0,1.0,Rural,Y,train
LN100471,Female,No,3+,Graduate,No,376,47852.0,314.0,180.0,1.0,Urban,N,train
LN100472,Male,Yes,1,Graduate,No,2014,2925.0,113.0,360.0,1.0,Urban,N,train
LN100473,Male,Yes,2,Graduate,No,5234,3482.0,221.0,360.0,1.0,Semiurban,Y,train
LN100474,Male,Yes,2,Graduate,No,2754,8098.0,225.0,360.0,1.0,Urban,Y,train
LN100475,Female,No,0,Graduate,No,4859,0.0,112.0,360.0,1.0,Semiurban,Y,train
LN100476,Male,Yes,1,Graduate,No,5468,1032.0,26.0,360.0,1.0,Semiurban,Y,train
LN100477,Male,Yes,2,Graduate,No,4616,0.0,134.0,360.0,1.0,Urban,N,train
LN100478,Male,Yes,2,Not Graduate,No,3917,0.0,124.0,360.0,1.0,Semiurban,Y,train
LN100479,Male,No,0,Not Graduate,No,3714,0.0,99.0,360.0,1.0,Rural,Y,train
LN100480,Female,No,0,Not Graduate,No,4350,0.0,154.0,360.0,1.0,Rural,Y,train
LN100481,Male,Yes,2,Graduate,Yes,1600,20000.0,239.0,360.0,1.0,Urban,N,train
LN100482,Male,Yes,2,Graduate,No,3404,1605.0,166.0,360.0,0.0,Rural,N,train
LN100483,Female,Yes,0,Graduate,No,2711,3248.0,105.0,360.0,0.0,Urban,N,train
LN100484,Male,Yes,0,Not Graduate,No,2344,3678.0,120.0,180.0,1.0,Urban,N,train
LN100485,Male,Yes,1,Graduate,No,2024,0.0,55.0,360.0,1.0,Rural,N,train
LN100486,Male,Yes,3+,Graduate,No,48707,0.0,757.0,300.0,1.0,Urban,Y,train
LN100487,Male,Yes,2,Graduate,No,6864,1907.0,202.0,300.0,1.0,Semiurban,Y,train
LN100488,Male,Yes,3+,Graduate,No,20999,0.0,340.0,360.0,1.0,Rural,Y,train
LN100489,Male,No,1,Not Graduate,No,3731,0.0,103.0,240.0,1.0,Urban,Y,train
LN100490,Male,Yes,1,Graduate,Yes,2178,0.0,66.0,300.0,0.0,Rural,N,train
LN100491,Male,Yes,2,Graduate,No,2509,2646.0,138.0,360.0,1.0,Rural,Y,train
LN100492,Female,No,0,Graduate,No,1740,1419.0,62.0,360.0,1.0,Urban,Y,train
LN100493,Male,Yes,0,Graduate,No,4333,2451.0,110.0,360.0,1.0,Urban,N,train
LN100494,Male,Yes,0,Graduate,No,2756,1974.0,107.0,360.0,1.0,Semiurban,Y,train
LN100495,Male,Yes,1,Graduate,No,3012,2260.0,170.0,360.0,1.0,Semiurban,Y,train
LN100496,Male,Yes,0,Graduate,No,5309,4431.0,154.0,360.0,1.0,Semiurban,Y,train
LN100497,Male,Yes,3+,Graduate,No,5239,0.0,91.0,360.0,1.0,Urban,N,train
LN100498,Male,No,0,Graduate,No,5050,0.0,118.0,360.0,1.0,Semiurban,Y,train
LN100499,Male,Yes,2,Graduate,No,4520,1535.0,160.0,360.0,1.0,Semiurban,Y,train
LN100500,Male,Yes,3+,Not Graduate,No,4112,0.0,99.0,360.0,0.0,Semiurban,N,train
LN100501,Female,Yes,2,Graduate,No,1485,1608.0,173.0,360.0,1.0,Urban,N,train
LN100502,Male,No,0,Not Graduate,No,1319,0.0,34.0,360.0,1.0,Urban,N,train
LN100503,Male,Yes,2,Graduate,No,3581,450.0,133.0,360.0,1.0,Semiurban,Y,train
LN100504,Male,Yes,1,Graduate,No,5888,1038.0,23.0,360.0,1.0,Semiurban,Y,train
LN100505,Male,Yes,2,Graduate,No,3283,2035.0,148.0,360.0,1.0,Urban,Y,train
LN100506,Male,Yes,0,Graduate,No,1979,1724.0,87.0,360.0,1.0,Urban,Y,train
LN100507,Male,Yes,0,Graduate,Yes,9560,0.0,191.0,360.0,1.0,Semiurban,Y,train
LN100508,Male,Yes,0,Graduate,No,3028,3285.0,62.0,180.0,1.0,Semiurban,Y,train
LN100509,Female,Yes,0,Graduate,No,2645,3440.0,120.0,360.0,0.0,Urban,N,train
LN100510,Female,Yes,2,Graduate,No,2198,1745.0,103.0,480.0,1.0,Semiurban,Y,train
LN100511,Male,Yes,2,Not Graduate,No,3656,964.0,123.0,360.0,1.0,Urban,Y,train
LN100512,Male,Yes,0,Graduate,No,1025,2773.0,112.0,360.0,1.0,Rural,Y,train
LN100513,Male,Yes,0,Graduate,No,2856,1683.0,166.0,360.0,1.0,Rural,Y,train
LN100514,Male,Yes,2,Graduate,Yes,2830,3858.0,99.0,360.0,1.0,Urban,Y,train
LN100515,Male,Yes,0,Graduate,No,2534,2959.0,115.0,360.0,1.0,Semiurban,Y,train
LN100516,Male,No,1,Not Graduate,Yes,2376,1408.0,214.0,360.0,1.0,Semiurban,N,train
LN100517,Male,No,0,Graduate,No,4166,0.0,98.0,360.0,0.0,Semiurban,N,train
LN100518,Male,No,0,Not Graduate,No,3013,2236.0,124.0,360.0,1.0,Rural,Y,train
LN100519,Male,Yes,1,Not Graduate,No,4444,5364.0,133.0,360.0,1.0,Rural,N,train
LN100520,Male,Yes,0,Graduate,No,2390,1744.0,141.0,360.0,1.0,Rural,Y,train
LN100521,Female,No,1,Graduate,No,14661,0.0,39.0,360.0,1.0,Urban,Y,train
LN100522,Male,Yes,1,Graduate,No,10750,0.0,312.0,360.0,1.0,Urban,Y,train
LN100523,Male,No,1,Not Graduate,No,2978,1418.0,90.0,360.0,1.0,Semiurban,Y,train
LN100524,Female,No,0,Not Graduate,Yes,16518,0.0,131.0,360.0,1.0,Urban,Y,train
LN100525,Male,Yes,2,Graduate,Yes,2327,5190.0,189.0,360.0,1.0,Rural,Y,train
LN100526,Male,Yes,0,Graduate,No,6070,5938.0,163.0,360.0,1.0,Semiurban,Y,train
LN100527,Male,Yes,3+,Not Graduate,No,2352,682.0,91.0,480.0,1.0,Semiurban,Y,train
LN100528,Male,Yes,0,Graduate,No,2653,3090.0,147.0,360.0,1.0,Semiurban,Y,train
LN100529,Male,No,0,Not Graduate,No,3200,2254.0,126.0,180.0,0.0,Urban,N,train
LN100530,Female,Yes,0,Graduate,No,3621,2317.0,139.0,360.0,1.0,Semiurban,Y,train
LN100531,Male,Yes,1,Not Graduate,No,2122,2406.0,117.0,360.0,1.0,Urban,Y,train
LN100532,Male,No,2,Graduate,No,3319,0.0,82.0,360.0,0.0,Rural,N,train
LN100533,Female,No,2,Graduate,No,3427,0.0,138.0,360.0,1.0,Urban,N,train
LN100534,Male,Yes,0,Not Graduate,No,4029,1912.0,178.0,360.0,1.0,Rural,Y,train
LN100535,Male,No,0,Graduate,No,4000,2500.0,140.0,360.0,1.0,Rural,Y,train
LN100536,Female,Yes,2,Graduate,No,16992,0.0,64.0,360.0,1.0,Urban,Y,train
LN100537,Female,No,0,Graduate,No,2350,1419.0,107.0,360.0,1.0,Urban,Y,train
LN100538,Male,Yes,1,Graduate,Yes,2188,0.0,135.0,360.0,1.0,Semiurban,Y,train
LN100539,Male,Yes,2,Not Graduate,No,3603,0.0,124.0,360.0,1.0,Semiurban,Y,train
LN100540,Male,Yes,0,Graduate,No,16650,0.0,122.0,360.0,1.0,Semiurban,Y,train
LN100541,Female,Yes,0,Graduate,No,5032,0.0,87.0,360.0,1.0,Rural,N,train
LN100542,Male,Yes,1,Graduate,No,2882,1843.0,123.0,480.0,1.0,Semiurban,Y,train
LN100543,Male,Yes,3+,Graduate,No,37389,0.0,653.0,180.0,0.0,Semiurban,Y,train
LN100544,Male,No,0,Not Graduate,No,3602,1469.0,118.0,360.0,1.0,Semiurban,Y,train
LN100545,Male,No,1,Graduate,Yes,5377,0.0,112.0,360.0,1.0,Rural,N,train
LN100546,Female,Yes,1,Graduate,No,2905,930.0,90.0,84.0,1.0,Semiurban,Y,train
LN100547,Male,Yes,0,Graduate,No,20370,5342.0,648.0,360.0,1.0,Rural,N,train
LN100548,Male,Yes,0,Graduate,No,2455,3472.0,117.0,360.0,1.0,Rural,Y,train
LN100549,Male,Yes,0,Graduate,No,2693,2483.0,83.0,180.0,0.0,Rural,Y,train
LN100550,Male,Yes,2,Graduate,No,3706,1875.0,141.0,360.0,0.0,Rural,N,train
LN100551,Male,Yes,0,Graduate,No,3951,2249.0,130.0,360.0,1.0,Rural,Y,train
LN100552,Male,Yes,3+,Graduate,Yes,5908,1628.0,189.0,360.0,1.0,Semiurban,Y,train
LN100553,Male,Yes,2,Graduate,No,5069,0.0,77.0,360.0,0.0,Semiurban,N,train
LN100554,Male,Yes,3+,Graduate,Yes,5281,1803.0,212.0,360.0,1.0,Semiurban,Y,train
LN100555,Male,Yes,2,Graduate,Yes,14526,894.0,168.0,360.0,1.0,Rural,Y,train
LN100556,Male,Yes,0,Graduate,No,7952,1078.0,162.0,360.0,1.0,Semiurban,Y,train
LN100557,Male,Yes,1,Graduate,Yes,10000,0.0,155.0,360.0,1.0,Rural,N,train
LN100558,Male,Yes,0,Graduate,No,3550,2304.0,136.0,360.0,1.0,Semiurban,Y,train
LN100559,Male,Yes,1,Graduate,No,2118,0.0,54.0,360.0,1.0,Rural,N,train
LN100560,Male,Yes,3+,Graduate,No,3307,1414.0,120.0,360.0,0.0,Semiurban,N,train
LN100561,Male,Yes,2,Graduate,No,1376,1187.0,18.0,120.0,1.0,Urban,Y,train
LN100562,Male,No,0,Not Graduate,No,5831,0.0,114.0,360.0,1.0,Semiurban,Y,train
LN100563,Male,Yes,1,Graduate,No,12024,0.0,356.0,360.0,1.0,Urban,Y,train
LN100564,Female,No,0,Graduate,No,4056,0.0,109.0,360.0,1.0,Semiurban,Y,train
LN100565,Male,Yes,0,Graduate,No,948,2901.0,117.0,360.0,1.0,Rural,Y,train
LN100566,Female,Yes,0,Graduate,No,3167,2283.0,154.0,360.0,1.0,Semiurban,Y,train
LN100567,Male,Yes,2,Graduate,No,4566,0.0,100.0,360.0,1.0,Urban,N,train
LN100568,Male,Yes,0,Graduate,No,3686,0.0,43.0,180.0,1.0,Rural,Y,train
LN100569,Male,No,0,Graduate,No,2479,0.0,59.0,360.0,1.0,Urban,Y,train
LN100570,Male,No,0,Graduate,No,6782,0.0,128.0,360.0,1.0,Urban,N,train
LN100571,Male,Yes,0,Graduate,No,2554,2712.0,141.0,360.0,1.0,Urban,Y,train
LN100572,Male,Yes,0,Not Graduate,Yes,4921,0.0,134.0,360.0,1.0,Urban,N,train
LN100573,Male,Yes,2,Graduate,No,8509,0.0,228.0,360.0,1.0,Semiurban,Y,train
LN100574,Male,No,2,Graduate,No,6235,4795.0,172.0,360.0,1.0,Rural,Y,train
LN100575,Male,No,0,Graduate,No,6226,0.0,109.0,360.0,0.0,Rural,N,train
LN100576,Male,Yes,0,Graduate,No,10551,0.0,170.0,180.0,1.0,Rural,Y,train
LN100577,Male,Yes,0,Graduate,No,12682,0.0,108.0,360.0,1.0,Semiurban,Y,train
LN100578,Female,No,0,Graduate,No,2373,1660.0,86.0,360.0,1.0,Urban,Y,train
LN100579,Male,Yes,0,Graduate,No,3530,2367.0,142.0,360.0,1.0,Semiurban,Y,train
LN100580,Male,Yes,0,Not Graduate,Yes,5082,0.0,99.0,360.0,1.0,Urban,Y,train
LN100581,Male,Yes,0,Graduate,Yes,9444,0.0,171.0,360.0,1.0,Semiurban,Y,train
LN100582,Male,No,0,Graduate,No,3750,4750.0,176.0,360.0,1.0,Urban,N,train
LN100583,Male,Yes,3+,Graduate,Yes,5875,1910.0,196.0,360.0,1.0,Semiurban,Y,train
LN100584,Male,Yes,2,Not Graduate,No,3304,2061.0,73.0,360.0,1.0,Urban,Y,train
LN100585,Male,Yes,2,Not Graduate,No,2889,0.0,45.0,180.0,0.0,Urban,N,train
LN100586,Male,Yes,1,Graduate,No,1537,2055.0,107.0,360.0,1.0,Rural,Y,train
LN100587,Male,Yes,1,Not Graduate,No,2661,7101.0,279.0,180.0,1.0,Semiurban,Y,train
LN100588,Male,Yes,0,Not Graduate,No,3320,3982.0,160.0,360.0,0.0,Rural,N,train
LN100589,Male,Yes,3+,Not Graduate,Yes,7807,0.0,112.0,60.0,1.0,Urban,Y,train
LN100590,Male,Yes,2,Graduate,No,2386,2360.0,140.0,360.0,1.0,Rural,Y,train
LN100591,Male,Yes,0,Graduate,No,3883,2165.0,126.0,360.0,1.0,Urban,N,train
LN100592,Male,Yes,2,Graduate,No,5203,3466.0,213.0,360.0,1.0,Semiurban,Y,train
LN100593,Female,No,0,Graduate,No,10408,0.0,259.0,360.0,1.0,Urban,Y,train
LN100594,Male,Yes,2,Not Graduate,Yes,5836,879.0,162.0,360.0,1.0,Rural,N,train
LN100595,Male,Yes,0,Not Graduate,No,1740,3637.0,229.0,360.0,0.0,Semiurban,N,train
LN100596,Male,No,0,Graduate,Yes,6564,0.0,75.0,360.0,1.0,Semiurban,Y,train
LN100597,Male,Yes,0,Graduate,No,3944,1427.0,126.0,360.0,1.0,Semiurban,Y,train
LN100598,Male,Yes,0,Graduate,No,4069,1778.0,151.0,360.0,0.0,Rural,N,train
LN100599,Male,Yes,0,Graduate,No,3033,1459.0,95.0,360.0,1.0,Urban,Y,train
LN100600,Male,Yes,2,Graduate,No,7092,0.0,191.0,360.0,1.0,Semiurban,Y,train
LN100601,Male,Yes,0,Graduate,No,3804,2758.0,167.0,360.0,1.0,Urban,N,train
LN100602,Male,Yes,0,Graduate,No,3141,2173.0,124.0,360.0,0.0,Rural,N,train
LN100603,Male,Yes,0,Graduate,Yes,2855,3921.0,168.0,360.0,1.0,Rural,Y,train
LN100604,Male,Yes,3+,Graduate,No,8544,0.0,137.0,180.0,1.0,Urban,Y,train
LN100605,Female,No,1,Graduate,No,4982,0.0,84.0,360.0,1.0,Semiurban,N,train
LN100606,Female,No,0,Graduate,Yes,7441,0.0,194.0,360.0,1.0,Rural,N,train
LN100607,Male,No,0,Not Graduate,No,2755,0.0,65.0,300.0,1.0,Rural,N,train
LN100608,Male,Yes,0,Graduate,No,3948,1733.0,149.0,360.0,0.0,Rural,N,train
LN100609,Female,Yes,0,Not Graduate,No,1928,1644.0,100.0,360.0,1.0,Semiurban,Y,train
LN100610,Female,No,3+,Graduate,No,3083,0.0,255.0,360.0,1.0,Rural,Y,train
LN100611,Male,Yes,0,Graduate,No,2016,1410.0,88.0,360.0,0.0,Urban,N,train
LN100612,Female,No,0,Graduate,No,3237,0.0,30.0,360.0,1.0,Urban,Y,train
LN100613,Male,No,0,Graduate,No,3116,0.0,65.0,360.0,1.0,Urban,Y,train
LN100614,Male,No,0,Graduate,No,6451,0.0,104.0,360.0,0.0,Rural,N,train
LN100615,Male,Yes,2,Graduate,No,2636,2047.0,139.0,360.0,0.0,Semiurban,N,train
LN100616,Male,No,0,Graduate,No,6333,0.0,146.0,360.0,1.0,Urban,N,train
LN100617,Male,Yes,1,Graduate,No,5250,688.0,160.0,360.0,1.0,Rural,Y,train
LN100618,Male,Yes,0,Not Graduate,Yes,2384,3455.0,161.0,180.0,0.0,Rural,N,train
LN100619,Male,Yes,0,Graduate,Yes,17563,0.0,288.0,360.0,1.0,Urban,Y,train
LN100620,Female,No,0,Not Graduate,Yes,19867,0.0,123.0,360.0,1.0,Urban,Y,train
LN100621,Male,Yes,0,Not Graduate,No,1691,1062.0,105.0,360.0,1.0,Semiurban,Y,train
LN100622,Male,Yes,0,Graduate,No,4959,1345.0,161.0,360.0,0.0,Urban,N,train
LN100623,Male,Yes,3+,Not Graduate,No,2273,729.0,101.0,480.0,1.0,Semiurban,Y,train
LN100624,Male,Yes,3+,Not Graduate,No,3044,0.0,126.0,360.0,1.0,Rural,Y,train
LN100625,Male,Yes,2,Not Graduate,No,6446,1507.0,192.0,480.0,1.0,Semiurban,N,train
LN100626,Male,Yes,2,Graduate,Yes,10569,7355.0,347.0,300.0,1.0,Rural,Y,train
LN100627,Male,Yes,0,Graduate,No,2669,2203.0,141.0,360.0,1.0,Rural,Y,train
LN100628,Female,No,0,Not Graduate,No,2378,0.0,74.0,360.0,0.0,Urban,N,train
LN100629,Male,Yes,0,Not Graduate,No,2418,4227.0,138.0,180.0,1.0,Urban,N,train
LN100630,Male,No,3+,Graduate,Yes,9857,0.0,277.0,360.0,1.0,Semiurban,Y,train
LN100631,Female,Yes,0,Graduate,No,3667,1459.0,144.0,360.0,1.0,Semiurban,Y,train
LN100632,Male,No,0,Not Graduate,No,3126,2256.0,138.0,180.0,0.0,Urban,N,train
LN100633,Male,Yes,2,Graduate,Yes,15500,0.0,340.0,360.0,1.0,Rural,Y,train
LN100634,Male,No,1,Graduate,No,32432,0.0,167.0,360.0,1.0,Semiurban,Y,train
LN100635,Female,No,0,Graduate,No,3921,0.0,103.0,360.0,1.0,Rural,Y,train
LN100636,Male,No,0,Not Graduate,No,1855,0.0,118.0,360.0,1.0,Urban,N,train
LN100637,Female,No,0,Graduate,No,2868,0.0,109.0,360.0,1.0,Semiurban,Y,train
LN100638,Female,No,0,Graduate,No,2270,1720.0,101.0,360.0,0.0,Urban,N,train
LN100639,Male,Yes,0,Graduate,No,1609,1676.0,93.0,360.0,1.0,Urban,Y,train
LN100640,Male,Yes,0,Not Graduate,No,1615,1832.0,102.0,360.0,1.0,Rural,Y,train
LN100641,Female,No,0,Graduate,No,9972,0.0,210.0,360.0,1.0,Semiurban,N,train
LN100642,Male,Yes,2,Graduate,No,2020,1509.0,88.0,360.0,1.0,Rural,Y,train
LN100643,Female,No,0,Graduate,No,3478,0.0,29.0,360.0,1.0,Urban,Y,train
LN100644,Female,No,0,Not Graduate,No,3098,0.0,81.0,360.0,1.0,Rural,N,train
LN100645,Male,Yes,2,Graduate,No,6308,5575.0,120.0,360.0,1.0,Rural,Y,train
LN100646,Male,Yes,0,Not Graduate,No,2600,1911.0,116.0,360.0,0.0,Semiurban,N,train
LN100647,Male,Yes,0,Graduate,No,3727,1775.0,131.0,360.0,1.0,Semiurban,Y,train
LN100648,Male,Yes,0,Graduate,No,10524,0.0,191.0,180.0,1.0,Rural,Y,train
LN100649,Male,Yes,1,Graduate,No,3437,0.0,51.0,240.0,1.0,Urban,Y,train
LN100650,Male,No,0,Graduate,No,2314,0.0,68.0,360.0,1.0,Semiurban,Y,train
LN100651,Male,Yes,1,Graduate,No,3396,925.0,94.0,360.0,1.0,Urban,Y,train
LN100652,Male,Yes,1,Graduate,No,7339,0.0,175.0,300.0,0.0,Semiurban,N,train
LN100653,Male,Yes,2,Graduate,No,5678,3391.0,265.0,360.0,1.0,Semiurban,Y,train
LN100654,Male,Yes,0,Graduate,No,2879,1486.0,102.0,360.0,1.0,Urban,Y,train
LN100655,Male,No,0,Graduate,No,5647,0.0,178.0,360.0,1.0,Urban,Y,train
LN100656,Male,Yes,0,Graduate,No,2954,2234.0,155.0,360.0,1.0,Rural,Y,train
LN100657,Male,Yes,1,Graduate,No,1926,1477.0,77.0,360.0,1.0,Urban,Y,train
LN100658,Male,Yes,3+,Not Graduate,No,2947,1664.0,70.0,180.0,0.0,Urban,N,train
LN100659,Male,Yes,2,Graduate,Yes,10574,8262.0,388.0,300.0,1.0,Rural,Y,train
LN100660,Male,Yes,0,Graduate,No,13771,0.0,123.0,360.0,1.0,Urban,Y,train
LN100661,Male,Yes,1,Graduate,No,4478,3464.0,180.0,360.0,1.0,Urban,N,train
LN100662,Male,Yes,1,Not Graduate,No,2510,1983.0,140.0,180.0,1.0,Urban,N,train
LN100663,Male,No,0,Graduate,No,3347,0.0,96.0,360.0,1.0,Urban,N,train
LN100664,Male,Yes,1,Graduate,No,7576,1435.0,111.0,360.0,0.0,Urban,N,train
LN100665,Female,No,0,Graduate,No,5097,0.0,149.0,360.0,1.0,Rural,Y,train
LN100666,Male,Yes,0,Graduate,No,2600,3500.0,115.0,360.0,1.0,Urban,Y,train
LN100667,Male,Yes,3+,Not Graduate,Yes,5365,0.0,127.0,360.0,1.0,Rural,Y,train
LN100668,Male,No,0,Not Graduate,No,6759,0.0,144.0,360.0,1.0,Rural,N,train
LN100669,Male,Yes,2,Graduate,No,4675,0.0,76.0,360.0,0.0,Semiurban,N,train
LN100670,Male,No,0,Graduate,No,6224,4572.0,191.0,360.0,0.0,Rural,N,train
LN100671,Female,No,0,Graduate,No,1811,1666.0,54.0,360.0,1.0,Urban,Y,train
LN100672,Male,No,0,Graduate,No,2187,2154.0,122.0,360.0,1.0,Semiurban,Y,train
LN100673,Male,No,0,Not Graduate,No,1502,0.0,37.0,360.0,1.0,Urban,N,train
LN100674,Male,Yes,2,Not Graduate,No,3791,1248.0,132.0,360.0,1.0,Rural,N,train
LN100675,Female,Yes,0,Graduate,No,4583,0.0,84.0,360.0,1.0,Rural,N,train
LN100676,Male,No,0,Graduate,No,1646,1329.0,41.0,360.0,1.0,Urban,Y,train
LN100677,Male,Yes,2,Graduate,No,3876,0.0,111.0,360.0,1.0,Semiurban,Y,train
LN100678,Male,No,0,Graduate,No,2014,1929.0,74.0,360.0,1.0,Urban,Y,train
LN100679,Male,Yes,2,Graduate,Yes,6413,0.0,182.0,240.0,1.0,Semiurban,N,train
LN100680,Male,Yes,0,Graduate,Yes,3036,0.0,23.0,120.0,1.0,Semiurban,Y,train
LN100681,Male,No,0,Graduate,No,4231,0.0,98.0,480.0,1.0,Urban,N,train
LN100682,Male,No,0,Graduate,No,4680,2087.0,128.0,360.0,1.0,Semiurban,N,train
LN100683,Female,Yes,0,Graduate,No,2457,2159.0,147.0,360.0,1.0,Semiurban,Y,train
LN100684,Male,Yes,0,Not Graduate,No,3608,3753.0,142.0,360.0,0.0,Rural,N,train
LN100685,Male,Yes,0,Graduate,No,5617,1573.0,189.0,360.0,0.0,Urban,N,train
LN100686,Male,No,0,Graduate,No,5417,0.0,168.0,360.0,1.0,Urban,Y,train
LN100687,Female,Yes,0,Not Graduate,No,3796,0.0,110.0,360.0,1.0,Rural,Y,train
LN100688,Female,No,0,Graduate,No,7719,0.0,272.0,360.0,1.0,Semiurban,Y,train
LN100689,Male,No,0,Graduate,No,2183,1973.0,52.0,360.0,1.0,Semiurban,Y,train
LN100690,Male,Yes,0,Graduate,No,5121,784.0,121.0,360.0,1.0,Semiurban,Y,train
LN100691,Female,No,0,Graduate,No,9305,0.0,244.0,360.0,1.0,Urban,Y,train
LN100692,Male,Yes,2,Graduate,No,5871,0.0,144.0,360.0,1.0,Semiurban,Y,train
LN100693,Male,Yes,3+,Graduate,No,4000,7750.0,290.0,360.0,1.0,Semiurban,N,train
LN100694,Male,Yes,0,Graduate,No,1932,3448.0,111.0,360.0,1.0,Semiurban,Y,train
LN100695,Female,No,0,Graduate,No,3435,0.0,72.0,360.0,0.0,Urban,N,train
LN100696,Male,No,0,Not Graduate,No,3691,0.0,110.0,360.0,1.0,Rural,Y,train
LN100697,Male,Yes,3+,Graduate,No,7776,4470.0,138.0,360.0,1.0,Rural,Y,train
LN100698,Male,No,1,Graduate,No,4665,1819.0,119.0,360.0,1.0,Urban,Y,train
LN100699,Male,Yes,0,Graduate,No,7418,1975.0,172.0,360.0,1.0,Rural,Y,train
LN100700,Male,Yes,2,Graduate,No,5391,0.0,130.0,360.0,1.0,Urban,Y,train
LN100701,Male,Yes,3+,Graduate,No,3638,4394.0,160.0,300.0,0.0,Semiurban,N,train
LN100702,Male,Yes,2,Not Graduate,No,1956,1601.0,107.0,180.0,1.0,Semiurban,Y,train
LN100703,Female,No,0,Graduate,No,4094,0.0,129.0,360.0,0.0,Semiurban,N,train
LN100704,Female,No,0,Graduate,No,2920,2664.0,131.0,360.0,1.0,Rural,Y,train
LN100705,Male,Yes,0,Not Graduate,No,4188,0.0,115.0,180.0,1.0,Semiurban,Y,train
LN100706,Male,Yes,0,Graduate,No,5121,2098.0,150.0,360.0,1.0,Rural,N,train
LN100707,Male,Yes,0,Graduate,No,7661,1993.0,167.0,360.0,1.0,Rural,Y,train
LN100708,Male,No,0,Graduate,No,5781,0.0,136.0,360.0,1.0,Rural,Y,train
LN100709,Male,Yes,0,Not Graduate,No,3594,4106.0,152.0,360.0,0.0,Rural,N,train
LN100710,Male,Yes,1,Not Graduate,No,2717,2494.0,144.0,360.0,1.0,Rural,Y,train
LN100711,Male,Yes,0,Graduate,No,1702,4022.0,127.0,360.0,1.0,Semiurban,Y,train
LN100712,Male,Yes,3+,Graduate,No,5250,0.0,94.0,360.0,1.0,Urban,N,train
LN100713,Male,Yes,2,Not Graduate,No,4594,3340.0,144.0,180.0,1.0,Urban,Y,train
LN100714,Male,Yes,0,Graduate,No,2989,2241.0,133.0,360.0,1.0,Rural,Y,train
LN100715,Male,Yes,2,Graduate,Yes,1761,20150.0,261.0,360.0,1.0,Urban,N,train
LN100716,Male,No,0,Graduate,No,2500,20000.0,103.0,360.0,1.0,Semiurban,Y,train
LN100717,Male,Yes,3+,Graduate,No,7740,0.0,128.0,180.0,1.0,Urban,Y,train
LN100718,Male,Yes,1,Not Graduate,No,4625,1264.0,167.0,360.0,1.0,Urban,Y,train
LN100719,Female,No,0,Graduate,No,3846,0.0,111.0,360.0,1.0,Semiurban,Y,train
LN100720,Male,Yes,1,Graduate,No,7372,0.0,138.0,300.0,0.0,Semiurban,N,train
LN100721,Male,No,0,Graduate,No,3587,0.0,80.0,360.0,1.0,Urban,Y,train
LN100722,Female,No,1,Graduate,No,4006,0.0,95.0,360.0,1.0,Semiurban,Y,train
LN100723,Male,Yes,0,Graduate,No,2583,2115.0,120.0,360.0,1.0,Urban,Y,train
LN100724,Male,Yes,1,Graduate,No,4945,0.0,128.0,360.0,0.0,Rural,N,train
LN100725,Female,No,0,Graduate,No,3443,0.0,122.0,360.0,1.0,Semiurban,Y,train
LN100726,Male,Yes,0,Graduate,No,5197,4226.0,173.0,360.0,1.0,Semiurban,Y,train
LN100727,Male,No,0,Graduate,No,1850,2074.0,56.0,360.0,1.0,Semiurban,Y,train
LN100728,Male,Yes,1,Graduate,No,1799,2723.0,97.0,360.0,1.0,Urban,N,train
LN100729,Male,No,0,Graduate,No,5439,0.0,120.0,360.0,1.0,Urban,Y,train
LN100730,Male,No,0,Not Graduate,No,3984,0.0,124.0,360.0,1.0,Rural,Y,train
LN100731,Male,Yes,0,Not Graduate,No,2583,2358.0,120.0,360.0,1.0,Urban,Y,train
LN100732,Male,Yes,2,Not Graduate,No,3601,1590.0,128.0,360.0,1.0,Rural,Y,train
LN100733,Female,Yes,2,Not Graduate,No,202,2595.0,93.0,360.0,1.0,Semiurban,Y,train
LN100734,Male,Yes,2,Not Graduate,No,2559,1405.0,133.0,360.0,0.0,Rural,N,train
LN100735,Female,No,0,Graduate,No,2309,0.0,75.0,360.0,1.0,Urban,Y,train
LN100736,Male,No,0,Graduate,No,14629,0.0,275.0,360.0,0.0,Semiurban,N,train
LN100737,Female,Yes,0,Graduate,No,9951,0.0,135.0,240.0,1.0,Semiurban,Y,train
LN100738,Male,No,0,Graduate,No,5921,0.0,115.0,360.0,1.0,Urban,N,train
LN100739,Male,Yes,3+,Not Graduate,No,2558,1802.0,77.0,180.0,0.0,Urban,N,train
LN100740,Male,Yes,2,Not Graduate,Yes,6754,1148.0,167.0,360.0,1.0,Rural,N,train
LN100741,Male,No,0,Graduate,No,3521,4577.0,148.0,360.0,1.0,Rural,Y,train
LN100742,Female,No,0,Graduate,No,3092,0.0,70.0,360.0,0.0,Urban,N,train
LN100743,Male,Yes,1,Graduate,No,3890,2303.0,158.0,360.0,1.0,Semiurban,Y,train
LN100744,Female,Yes,1,Graduate,No,4666,0.0,135.0,360.0,1.0,Urban,Y,train
LN100745,Female,No,0,Not Graduate,No,4796,0.0,173.0,360.0,1.0,Rural,Y,train
LN100746,Female,Yes,1,Graduate,Yes,19484,0.0,600.0,360.0,1.0,Semiurban,Y,train
LN100747,Male,No,0,Graduate,Yes,9673,0.0,72.0,360.0,1.0,Urban,N,train
LN100748,Male,Yes,0,Graduate,No,14683,2100.0,304.0,360.0,1.0,Rural,N,train
LN100749,Male,Yes,2,Graduate,No,1425,946.0,16.0,120.0,1.0,Urban,Y,train
LN100750,Male,Yes,2,Graduate,Yes,6526,1216.0,96.0,360.0,1.0,Rural,Y,train
LN100751,Male,Yes,3+,Not Graduate,No,3173,0.0,74.0,360.0,1.0,Semiurban,Y,train
LN100752,Male,Yes,0,Graduate,No,13431,0.0,95.0,360.0,1.0,Semiurban,Y,train
LN100753,Male,No,0,Graduate,No,2546,2711.0,133.0,360.0,1.0,Semiurban,Y,train
LN100754,Male,Yes,1,Graduate,No,2915,1644.0,129.0,360.0,1.0,Semiurban,Y,train
LN100755,Male,Yes,3+,Graduate,No,4823,198.0,114.0,360.0,1.0,Semiurban,Y,train
LN100756,Female,No,0,Graduate,No,9097,0.0,285.0,360.0,1.0,Semiurban,Y,train
LN100757,Female,Yes,0,Graduate,No,4489,0.0,100.0,360.0,1.0,Rural,N,train
LN100758,Male,Yes,3+,Not Graduate,No,3167,1426.0,62.0,180.0,0.0,Urban,N,train
LN100759,Male,No,0,Graduate,No,5193,0.0,156.0,360.0,1.0,Urban,Y,train
LN100760,Male,Yes,3+,Graduate,Yes,4789,1562.0,191.0,360.0,1.0,Semiurban,Y,train
LN100761,Female,No,0,Not Graduate,Yes,17263,0.0,225.0,360.0,1.0,Semiurban,Y,train
LN100762,Female,No,0,Graduate,No,7744,0.0,136.0,360.0,1.0,Rural,Y,train
LN100763,Male,Yes,0,Graduate,No,3935,3552.0,123.0,180.0,1.0,Rural,Y,train
LN100764,Female,Yes,0,Graduate,No,2445,3450.0,114.0,360.0,0.0,Urban,N,train
LN100765,Male,No,0,Graduate,No,2303,2395.0,151.0,360.0,1.0,Semiurban,Y,train
LN100766,Male,Yes,2,Graduate,No,7340,0.0,265.0,360.0,1.0,Semiurban,Y,train
LN100767,Female,No,0,Not Graduate,No,4805,0.0,165.0,360.0,1.0,Rural,Y,train
LN100768,Male,No,0,Graduate,No,3785,2813.0,145.0,360.0,1.0,Rural,Y,train
LN100769,Male,Yes,3+,Not Graduate,No,3095,0.0,113.0,360.0,1.0,Rural,Y,train
LN100770,Male,No,0,Not Graduate,No,5849,0.0,117.0,360.0,1.0,Semiurban,Y,train
LN100771,Male,Yes,1,Graduate,No,5367,1041.0,25.0,360.0,1.0,Semiurban,Y,train
LN100772,Male,Yes,1,Graduate,No,12841,10968.0,349.0,360.0,1.0,Semiurban,N,train
LN100773,Male,Yes,0,Graduate,No,3143,1847.0,118.0,360.0,1.0,Rural,Y,train
LN100774,Female,No,0,Graduate,No,4663,2899.0,148.0,480.0,1.0,Rural,N,train
LN100775,Male,Yes,1,Graduate,No,4731,750.0,136.0,360.0,1.0,Rural,Y,train
LN100776,Male,Yes,0,Graduate,No,2320,2092.0,118.0,360.0,1.0,Urban,Y,train
LN100777,Male,Yes,2,Graduate,No,4452,5642.0,214.0,360.0,1.0,Semiurban,Y,train
LN100778,Male,Yes,0,Not Graduate,No,3076,1712.0,100.0,480.0,0.0,Urban,N,train
LN100779,Male,Yes,1,Graduate,Yes,10670,0.0,165.0,360.0,1.0,Rural,N,train
LN100780,Male,Yes,2,Graduate,No,7202,1503.0,215.0,300.0,1.0,Semiurban,Y,train
LN100781,Male,Yes,2,Not Graduate,No,3365,1917.0,112.0,360.0,0.0,Rural,N,train
LN100782,Female,No,1,Graduate,No,3137,0.0,175.0,36.0,1.0,Semiurban,N,train
LN100783,Female,No,0,Graduate,Yes,2428,1748.0,100.0,300.0,1.0,Semiurban,N,train
LN100784,Male,Yes,1,Graduate,No,1880,0.0,61.0,360.0,1.0,Rural,N,train
LN100785,Male,Yes,0,Graduate,No,10394,0.0,213.0,360.0,1.0,Semiurban,Y,train
LN100786,Male,Yes,2,Graduate,No,5299,0.0,123.0,360.0,1.0,Urban,N,train
LN100787,Female,No,0,Graduate,No,2500,0.0,67.0,360.0,1.0,Urban,Y,train
LN100788,Male,No,0,Graduate,No,2006,2096.0,121.0,360.0,1.0,Semiurban,Y,train
LN100789,Male,Yes,3+,Graduate,No,90064,0.0,387.0,360.0,0.0,Rural,N,train
LN100790,Male,No,0,Not Graduate,No,7308,0.0,134.0,360.0,1.0,Semiurban,Y,train
LN100791,Male,Yes,0,Not Graduate,No,3045,5009.0,135.0,360.0,1.0,Semiurban,Y,train
LN100792,Male,Yes,2,Graduate,No,1117,1202.0,17.0,120.0,1.0,Urban,Y,train
LN100793,Male,Yes,0,Graduate,No,8637,0.0,212.0,180.0,1.0,Rural,Y,train
LN100794,Male,No,0,Graduate,No,3089,3175.0,148.0,360.0,1.0,Semiurban,Y,train
LN100795,Male,No,0,Graduate,Yes,6851,0.0,135.0,360.0,1.0,Rural,Y,train
LN100796,Male,Yes,1,Graduate,No,5308,1142.0,24.0,360.0,1.0,Semiurban,Y,train
LN100797,Female,No,0,Graduate,No,4527,0.0,113.0,360.0,1.0,Semiurban,N,train
LN100798,Male,Yes,2,Not Graduate,No,7737,0.0,209.0,360.0,1.0,Rural,Y,train
LN100799,Male,No,1,Graduate,No,10622,0.0,192.0,360.0,1.0,Semiurban,N,train
LN100800,Male,No,0,Graduate,No,3069,0.0,71.0,480.0,1.0,Urban,N,train
LN100801,Male,No,0,Graduate,No,5727,0.0,110.0,360.0,0.0,Rural,N,train
LN100802,Male,Yes,2,Graduate,Yes,8488,7194.0,423.0,300.0,1.0,Rural,Y,train
LN100803,Male,Yes,2,Graduate,No,6994,0.0,202.0,360.0,1.0,Semiurban,Y,train
LN100804,Male,No,0,Graduate,Yes,6651,0.0,140.0,360.0,1.0,Rural,Y,train
LN100805,Male,Yes,1,Graduate,No,6733,0.0,215.0,360.0,1.0,Semiurban,Y,train
LN100806,Female,No,1,Graduate,No,11828,0.0,44.0,360.0,1.0,Urban,Y,train
LN100807,Female,No,0,Graduate,No,3166,2985.0,132.0,360.0,1.0,Rural,Y,train
LN100808,Male,Yes,2,Graduate,Yes,6000,0.0,205.0,240.0,1.0,Semiurban,N,train
LN100809,Male,Yes,2,Not Graduate,No,4218,0.0,105.0,360.0,1.0,Semiurban,Y,train
LN100810,Male,Yes,0,Not Graduate,No,7166,0.0,119.0,360.0,0.0,Urban,N,train
LN100811,Male,Yes,2,Graduate,Yes,17727,0.0,406.0,360.0,1.0,Rural,Y,train
LN100812,Male,Yes,0,Graduate,Yes,3455,0.0,23.0,120.0,1.0,Semiurban,Y,train
LN100813,Male,Yes,0,Graduate,No,9328,0.0,188.0,180.0,1.0,Rural,Y,train
LN100814,Female,Yes,0,Graduate,No,2766,445.0,125.0,360.0,1.0,Semiurban,Y,train
LN100815,Female,No,0,Graduate,No,8486,0.0,239.0,360.0,1.0,Semiurban,Y,train
LN100816,Male,Yes,0,Graduate,No,5761,1866.0,234.0,360.0,1.0,Rural,Y,train
LN100817,Male,Yes,2,Graduate,No,5017,0.0,156.0,360.0,1.0,Semiurban,Y,train
LN100818,Male,No,0,Graduate,No,4989,2392.0,139.0,360.0,1.0,Semiurban,N,train
LN100819,Male,No,1,Graduate,No,11887,0.0,179.0,360.0,1.0,Semiurban,N,train
LN100820,Female,No,0,Graduate,No,2799,1802.0,92.0,360.0,1.0,Urban,Y,train
LN100821,Male,No,0,Not Graduate,No,7545,0.0,109.0,360.0,1.0,Rural,N,train
LN100822,Female,No,3+,Graduate,No,448,41759.0,351.0,180.0,1.0,Urban,N,train
LN100823,Male,Yes,0,Graduate,No,2673,2354.0,148.0,360.0,1.0,Rural,Y,train
LN100824,Male,Yes,0,Graduate,No,4402,1615.0,169.0,360.0,0.0,Rural,N,train
LN100825,Male,Yes,0,Not Graduate,No,3010,3136.0,128.0,360.0,0.0,Urban,N,train
LN100826,Male,Yes,0,Graduate,No,3044,3927.0,108.0,360.0,1.0,Rural,Y,train
LN100827,Male,Yes,2,Graduate,No,8431,0.0,217.0,360.0,1.0,Semiurban,Y,train
LN100828,Male,Yes,0,Graduate,No,3302,2091.0,125.0,360.0,1.0,Rural,Y,train
LN100829,Male,No,0,Graduate,Yes,6545,0.0,179.0,360.0,1.0,Rural,Y,train
LN100830,Male,Yes,1,Graduate,No,5596,0.0,46.0,360.0,1.0,Urban,Y,train
LN100831,Male,Yes,0,Graduate,No,3087,2210.0,136.0,360.0,0.0,Semiurban,N,train
LN100832,Male,No,0,Not Graduate,No,3807,1618.0,116.0,360.0,1.0,Rural,Y,train
LN100833,Male,Yes,2,Graduate,No,8799,0.0,258.0,360.0,0.0,Urban,N,train
LN100834,Male,Yes,2,Not Graduate,No,4200,242.0,103.0,360.0,1.0,Semiurban,Y,train
LN100835,Male,No,0,Graduate,No,4750,0.0,94.0,360.0,1.0,Semiurban,Y,train
LN100836,Male,No,0,Graduate,No,4996,0.0,106.0,360.0,1.0,Semiurban,Y,train
LN100837,Male,No,1,Graduate,Yes,5288,0.0,107.0,360.0,1.0,Rural,N,train
LN100838,Male,Yes,2,Graduate,No,4400,0.0,127.0,360.0,0.0,Semiurban,N,train
LN100839,Male,No,0,Not Graduate,No,3902,1666.0,109.0,360.0,1.0,Rural,Y,train
LN100840,Female,Yes,0,Graduate,No,2077,481.0,112.0,360.0,1.0,Semiurban,Y,train
LN100841,Male,No,0,Graduate,No,3865,1640.0,128.0,360.0,1.0,Rural,Y,train
LN100842,Male,Yes,1,Not Graduate,No,3117,1214.0,117.0,360.0,1.0,Urban,Y,train
LN100843,Male,Yes,1,Graduate,No,3063,957.0,100.0,360.0,1.0,Urban,Y,train
LN100844,Male,No,0,Graduate,No,1916,5063.0,67.0,360.0,1.0,Rural,N,train
LN100845,Male,Yes,2,Not Graduate,No,3083,2168.0,126.0,360.0,1.0,Urban,Y,train
LN100846,Male,Yes,0,Graduate,No,2332,1101.0,125.0,360.0,1.0,Urban,Y,train
LN100847,Male,Yes,0,Graduate,No,4025,0.0,119.0,360.0,1.0,Semiurban,Y,train
LN100848,Male,Yes,3+,Graduate,No,5167,3167.0,200.0,360.0,1.0,Semiurban,Y,train
LN100849,Male,Yes,0,Not Graduate,Yes,4741,0.0,124.0,360.0,1.0,Urban,N,train
LN100850,Male,Yes,0,Graduate,No,4625,2857.0,111.0,12.0,1.0,Urban,Y,train
LN100851,Male,No,0,Graduate,No,2764,0.0,72.0,360.0,1.0,Semiurban,Y,train
LN100852,Male,Yes,2,Graduate,No,3561,1984.0,168.0,360.0,1.0,Urban,Y,train
LN100853,Male,Yes,0,Graduate,No,5264,2061.0,140.0,360.0,1.0,Urban,Y,train
LN100854,Male,No,0,Graduate,No,4895,0.0,102.0,360.0,1.0,Semiurban,Y,train
LN100855,Male,Yes,2,Graduate,No,5083,0.0,76.0,360.0,0.0,Semiurban,N,train
LN100856,Male,Yes,1,Graduate,No,6000,0.0,160.0,360.0,1.0,Rural,Y,train
LN100857,Male,Yes,2,Not Graduate,No,3664,0.0,125.0,360.0,1.0,Semiurban,Y,train
LN100858,Male,No,3+,Graduate,Yes,9619,0.0,297.0,360.0,1.0,Semiurban,Y,train
LN100859,Male,Yes,1,Not Graduate,No,2633,1774.0,156.0,180.0,1.0,Urban,N,train
LN100860,Male,Yes,1,Not Graduate,No,5743,991.0,207.0,360.0,1.0,Urban,Y,train
LN100861,Male,Yes,0,Graduate,No,5922,0.0,278.0,360.0,1.0,Urban,N,train
LN100862,Male,Yes,2,Graduate,No,17267,0.0,275.0,360.0,1.0,Urban,Y,train
LN100863,Male,No,0,Graduate,No,2267,20321.0,92.0,360.0,1.0,Semiurban,Y,train
LN100864,Male,Yes,2,Graduate,No,2861,0.0,75.0,360.0,1.0,Semiurban,Y,train
LN100865,Female,No,0,Not Graduate,No,1988,0.0,61.0,360.0,1.0,Rural,Y,train
LN100866,Male,Yes,1,Graduate,No,6118,2042.0,233.0,360.0,1.0,Semiurban,Y,train
LN100867,Male,Yes,0,Graduate,No,4464,2413.0,121.0,360.0,1.0,Urban,Y,train
LN100868,Female,No,0,Not Graduate,No,4273,0.0,145.0,360.0,1.0,Rural,Y,train
LN100869,Male,Yes,0,Not Graduate,No,2767,2821.0,134.0,360.0,0.0,Urban,N,train
LN100870,Male,No,0,Not Graduate,No,2715,2801.0,108.0,360.0,1.0,Rural,Y,train
LN100871,Male,Yes,0,Graduate,No,2610,2353.0,142.0,360.0,1.0,Urban,Y,train
LN100872,Male,Yes,1,Graduate,No,3028,2767.0,161.0,360.0,1.0,Semiurban,Y,train
LN100873,Female,No,0,Graduate,No,2625,0.0,41.0,360.0,1.0,Rural,N,train
LN100874,Male,Yes,0,Graduate,No,3533,2506.0,152.0,360.0,1.0,Urban,N,train
LN100875,Male,No,0,Not Graduate,No,3479,2694.0,107.0,360.0,1.0,Rural,Y,train
LN100876,Female,Yes,0,Graduate,No,10791,0.0,136.0,240.0,1.0,Semiurban,Y,train
LN100877,Male,No,0,Not Graduate,No,6693,0.0,129.0,360.0,1.0,Rural,N,train
LN100878,Male,Yes,0,Graduate,Yes,3914,0.0,22.0,120.0,1.0,Semiurban,Y,train
LN100879,Male,Yes,3+,Not Graduate,Yes,3514,2308.0,118.0,360.0,1.0,Semiurban,Y,train
LN100880,Male,Yes,2,Graduate,No,2936,2220.0,137.0,360.0,1.0,Rural,Y,train
LN100881,Male,Yes,0,Graduate,No,2171,1913.0,110.0,360.0,1.0,Urban,Y,train
LN100882,Male,Yes,2,Graduate,Yes,5417,4196.0,267.0,360.0,1.0,Urban,Y,train
LN100883,Male,No,0,Graduate,Yes,18393,0.0,712.0,480.0,1.0,Urban,Y,train
LN100884,Male,Yes,1,Graduate,No,6211,3721.0,354.0,360.0,1.0,Urban,Y,train
LN100885,Male,Yes,0,Graduate,No,2090,7350.0,69.0,180.0,1.0,Semiurban,N,train
LN100886,Female,No,0,Graduate,No,10674,1551.0,256.0,360.0,1.0,Rural,N,train
LN100887,Female,No,0,Graduate,No,2888,3011.0,142.0,360.0,1.0,Rural,Y,train
LN100888,Male,Yes,2,Graduate,No,5091,0.0,134.0,360.0,1.0,Urban,Y,train
LN100889,Male,Yes,1,Graduate,No,3365,1949.0,167.0,360.0,1.0,Urban,Y,train
LN100890,Female,Yes,2,Graduate,No,2118,1388.0,116.0,480.0,1.0,Semiurban,Y,train
LN100891,Male,No,0,Graduate,No,2308,0.0,56.0,360.0,1.0,Urban,Y,train
LN100892,Male,Yes,3+,Graduate,No,3629,1179.0,137.0,360.0,0.0,Semiurban,N,train
LN100893,Male,Yes,2,Graduate,No,15244,0.0,283.0,360.0,1.0,Urban,Y,train
LN100894,Male,No,3+,Graduate,Yes,9357,0.0,292.0,360.0,1.0,Semiurban,Y,train
LN100895,Male,No,0,Graduate,No,2263,1578.0,152.0,360.0,1.0,Rural,Y,train
LN100896,Male,Yes,3+,Graduate,No,3547,3969.0,155.0,300.0,0.0,Semiurban,N,train
LN100897,Male,Yes,3+,Graduate,No,3326,0.0,108.0,360.0,1.0,Urban,Y,train
LN100898,Male,Yes,2,Graduate,No,4865,5624.0,208.0,360.0,1.0,Semiurban,Y,train
LN100899,Male,Yes,0,Graduate,No,2252,6313.0,190.0,360.0,1.0,Rural,Y,train
LN100900,Male,No,0,Graduate,Yes,10412,0.0,199.0,360.0,0.0,Urban,N,train
LN100901,Male,Yes,2,Not Graduate,No,3372,1875.0,110.0,360.0,1.0,Urban,Y,train
LN100902,Female,No,0,Graduate,No,4583,0.0,99.0,360.0,1.0,Semiurban,N,train
LN100903,Male,Yes,3+,Graduate,No,4177,0.0,109.0,360.0,1.0,Urban,Y,train
LN100904,Male,Yes,1,Graduate,Yes,2107,0.0,113.0,360.0,1.0,Semiurban,Y,train
LN100905,Male,Yes,0,Graduate,No,6829,1025.0,165.0,360.0,1.0,Semiurban,Y,train
LN100906,Male,No,0,Graduate,No,3043,0.0,62.0,480.0,1.0,Urban,N,train
LN100907,Male,Yes,0,Graduate,No,9083,0.0,228.0,360.0,1.0,Semiurban,Y,train
LN100908,Male,Yes,1,Graduate,No,5397,0.0,43.0,360.0,1.0,Urban,Y,train
LN100909,Male,No,0,Graduate,No,2770,0.0,98.0,480.0,1.0,Semiurban,N,train
LN100910,Male,Yes,3+,Graduate,No,3887,164.0,124.0,360.0,1.0,Semiurban,Y,train
LN100911,Male,Yes,2,Graduate,No,5134,0.0,138.0,360.0,1.0,Semiurban,Y,train
LN100912,Male,No,0,Graduate,No,3135,0.0,60.0,360.0,1.0,Urban,Y,train
LN100913,Male,Yes,3+,Graduate,No,57789,0.0,626.0,300.0,1.0,Urban,Y,train
LN100914,Male,Yes,2,Graduate,No,3859,0.0,96.0,360.0,1.0,Semiurban,Y,train
LN100915,Male,Yes,1,Not Graduate,No,2315,2695.0,137.0,360.0,1.0,Urban,Y,train
LN100916,Male,Yes,1,Graduate,Yes,11195,0.0,168.0,360.0,1.0,Rural,N,train
LN100917,Male,Yes,0,Graduate,No,3532,1362.0,76.0,360.0,1.0,Urban,Y,train
LN100918,Female,No,0,Graduate,No,3718,0.0,74.0,360.0,0.0,Urban,N,train
LN100919,Male,Yes,1,Graduate,Yes,3864,1231.0,124.0,360.0,1.0,Rural,Y,train
LN100920,Female,Yes,0,Not Graduate,No,3504,0.0,134.0,360.0,1.0,Rural,Y,train
LN100921,Female,No,0,Graduate,Yes,3318,0.0,127.0,360.0,1.0,Urban,Y,train
LN100922,Male,Yes,2,Graduate,No,7764,0.0,165.0,360.0,1.0,Urban,Y,train
LN100923,Female,No,1,Not Graduate,No,5191,0.0,132.0,360.0,1.0,Semiurban,Y,train
LN100924,Male,Yes,2,Graduate,No,9075,0.0,119.0,360.0,1.0,Urban,Y,train
LN100925,Male,Yes,0,Graduate,Yes,3146,0.0,24.0,120.0,1.0,Semiurban,Y,train
LN100926,Male,Yes,3+,Graduate,No,3400,2500.0,123.0,360.0,0.0,Rural,N,train
LN100927,Female,No,0,Not Graduate,No,4885,0.0,113.0,360.0,1.0,Semiurban,Y,train
LN100928,Male,Yes,0,Graduate,No,2003,1374.0,104.0,360.0,0.0,Urban,N,train
LN100929,Male,Yes,1,Graduate,No,4750,0.0,144.0,360.0,0.0,Rural,N,train
LN100930,Male,Yes,1,Graduate,No,1840,3293.0,113.0,360.0,1.0,Urban,N,train
LN100931,Male,Yes,0,Graduate,No,3927,800.0,112.0,360.0,1.0,Semiurban,Y,train
LN100932,Male,No,0,Graduate,No,12913,0.0,250.0,360.0,0.0,Semiurban,N,train
LN100933,Male,Yes,0,Graduate,No,3016,3044.0,166.0,360.0,1.0,Urban,Y,train
LN100934,Male,Yes,0,Graduate,No,2732,0.0,68.0,360.0,1.0,Urban,Y,train
LN100935,Male,Yes,0,Graduate,No,5944,4546.0,229.0,360.0,1.0,Semiurban,N,train
LN100936,Female,Yes,0,Graduate,No,2929,2333.0,139.0,360.0,1.0,Semiurban,Y,train
LN100937,Male,Yes,1,Graduate,No,4220,0.0,111.0,360.0,1.0,Semiurban,Y,train
LN100938,Male,Yes,2,Graduate,No,3340,1710.0,150.0,360.0,0.0,Rural,N,train
LN100939,Male,Yes,0,Graduate,Yes,6245,2026.0,158.0,360.0,1.0,Semiurban,Y,train
LN100940,Female,No,1,Not Graduate,No,4555,0.0,113.0,360.0,1.0,Semiurban,Y,train
LN100941,Male,Yes,3+,Not Graduate,Yes,3188,1850.0,129.0,360.0,1.0,Semiurban,Y,train
LN100942,Male,Yes,0,Not Graduate,No,2167,2400.0,115.0,360.0,1.0,Urban,Y,train
LN100943,Male,Yes,3+,Graduate,No,3430,1250.0,128.0,360.0,0.0,Semiurban,N,train
LN100944,Male,Yes,1,Graduate,No,7419,0.0,201.0,360.0,1.0,Semiurban,Y,train
LN100945,Male,No,0,Graduate,No,5051,0.0,145.0,360.0,1.0,Urban,Y,train
LN100946,Male,Yes,0,Graduate,No,2483,2466.0,90.0,180.0,0.0,Rural,Y,train
LN100947,Male,Yes,3+,Graduate,No,4106,0.0,40.0,180.0,1.0,Rural,Y,train
LN100948,Female,No,1,Graduate,Yes,7559,0.0,130.0,360.0,1.0,Semiurban,Y,train
LN100949,Female,Yes,0,Graduate,No,2819,2097.0,152.0,360.0,1.0,Semiurban,Y,train
LN100950,Male,Yes,1,Graduate,No,9538,0.0,187.0,360.0,1.0,Urban,Y,train
LN100951,Female,No,1,Graduate,No,3652,0.0,95.0,360.0,1.0,Semiurban,Y,train
LN100952,Male,Yes,0,Graduate,No,6826,2438.0,253.0,360.0,1.0,Semiurban,N,train
LN100953,Male,Yes,3+,Not Graduate,No,2816,1634.0,74.0,180.0,0.0,Urban,N,train
LN100954,Male,Yes,0,Not Graduate,No,4887,0.0,133.0,360.0,1.0,Rural,N,train
LN100955,Male,Yes,0,Graduate,No,1053,2783.0,104.0,360.0,1.0,Rural,Y,train
LN100956,Male,No,0,Not Graduate,No,6972,0.0,132.0,360.0,1.0,Semiurban,Y,train
LN100957,Male,Yes,2,Graduate,No,3460,1695.0,191.0,360.0,1.0,Urban,Y,train
LN100958,Male,Yes,3+,Graduate,Yes,4774,1629.0,174.0,360.0,1.0,Semiurban,Y,train
LN100959,Male,Yes,2,Not Graduate,No,3437,1636.0,140.0,360.0,1.0,Rural,Y,train
LN100960,Male,No,0,Graduate,Yes,6343,0.0,181.0,180.0,1.0,Semiurban,Y,train
LN100961,Male,Yes,1,Graduate,Yes,17871,2350.0,86.0,360.0,1.0,Semiurban,Y,train
LN100962,Male,Yes,3+,Graduate,No,4476,1873.0,184.0,360.0,0.0,Urban,Y,train
LN100963,Male,Yes,0,Graduate,No,2213,1125.0,128.0,360.0,1.0,Urban,Y,train
LN100964,Male,No,0,Graduate,No,5815,3666.0,311.0,360.0,1.0,Rural,N,train
LN100965,Male,Yes,0,Graduate,No,3825,1794.0,133.0,360.0,1.0,Rural,Y,train
LN100966,Male,Yes,1,Not Graduate,No,1874,2161.0,123.0,360.0,1.0,Rural,Y,train
LN100967,Male,Yes,2,Graduate,No,5763,0.0,136.0,360.0,1.0,Urban,Y,train
LN100968,Female,No,0,Graduate,No,2378,0.0,9.0,360.0,1.0,Urban,N,train
LN100969,Female,No,0,Graduate,No,4230,0.0,112.0,360.0,1.0,Semiurban,N,train
LN100970,Male,Yes,0,Graduate,No,2732,4921.0,134.0,360.0,1.0,Rural,Y,train
LN100971,Male,Yes,1,Not Graduate,No,2827,6473.0,287.0,180.0,1.0,Semiurban,Y,train
LN100972,Male,Yes,0,Graduate,No,2419,2206.0,123.0,360.0,1.0,Semiurban,Y,train
LN100973,Male,Yes,1,Not Graduate,No,3399,1640.0,111.0,180.0,1.0,Urban,Y,train
LN100974,Male,Yes,0,Graduate,No,5019,6113.0,213.0,360.0,1.0,Semiurban,Y,train
LN100975,Male,Yes,0,Graduate,No,4263,0.0,112.0,360.0,1.0,Semiurban,Y,train
LN100976,Male,No,0,Graduate,No,5627,0.0,135.0,360.0,1.0,Urban,Y,train
LN100977,Male,Yes,0,Graduate,No,7933,0.0,275.0,360.0,1.0,Urban,N,train
LN100978,Male,Yes,2,Not Graduate,No,2690,2479.0,107.0,360.0,1.0,Urban,Y,train
LN100979,Male,Yes,0,Graduate,No,6000,2250.0,265.0,360.0,1.0,Semiurban,N,train
LN100980,Male,No,0,Graduate,Yes,6269,0.0,135.0,360.0,1.0,Urban,Y,train
LN100981,Female,No,0,Not Graduate,No,2984,0.0,72.0,360.0,0.0,Urban,N,train
LN100982,Male,No,0,Graduate,No,3383,4801.0,197.0,360.0,1.0,Rural,Y,train
LN100983,Male,Yes,3+,Not Graduate,Yes,2933,2190.0,145.0,360.0,1.0,Semiurban,Y,train
LN100984,Male,No,0,Graduate,No,2551,19973.0,115.0,360.0,1.0,Semiurban,Y,train
LN100985,Male,Yes,1,Not Graduate,No,2239,2524.0,128.0,360.0,1.0,Urban,Y,train
LN100986,Female,Yes,0,Graduate,No,3551,2370.0,144.0,360.0,1.0,Semiurban,Y,train
LN100987,Male,Yes,0,Graduate,No,4918,869.0,111.0,360.0,1.0,Semiurban,Y,train
LN100988,Male,Yes,0,Graduate,No,3453,0.0,123.0,360.0,1.0,Semiurban,Y,train
LN100989,Female,No,0,Graduate,No,3105,0.0,59.0,360.0,1.0,Urban,Y,train
LN100990,Male,Yes,2,Graduate,Yes,3245,3538.0,84.0,360.0,1.0,Urban,Y,train
LN100991,Male,Yes,0,Graduate,No,3816,754.0,160.0,360.0,1.0,Urban,Y,train
LN100992,Male,No,0,Graduate,No,3185,4416.0,177.0,360.0,1.0,Rural,Y,train
LN100993,Male,Yes,0,Not Graduate,No,6033,0.0,160.0,360.0,1.0,Urban,N,train
LN100994,Male,Yes,0,Graduate,No,933,5794.0,240.0,360.0,1.0,Rural,Y,train
LN100995,Male,Yes,2,Graduate,No,4792,1440.0,178.0,360.0,1.0,Rural,Y,train
LN100996,Male,Yes,0,Graduate,No,2297,1522.0,104.0,360.0,1.0,Urban,Y,train
LN100997,Male,Yes,0,Graduate,No,6210,6046.0,183.0,360.0,1.0,Semiurban,Y,train
LN100998,Male,Yes,0,Not Graduate,No,1631,1970.0,101.0,360.0,1.0,Rural,Y,train
LN100999,Male,Yes,0,Graduate,No,2560,3320.0,112.0,360.0,1.0,Urban,Y,train
LN101000,Male,Yes,1,Graduate,No,13241,0.0,212.0,180.0,1.0,Rural,Y,train
LN101001,Male,Yes,3+,Not Graduate,Yes,7100,0.0,125.0,60.0,1.0,Urban,Y,train
LN101002,Male,No,0,Graduate,No,2998,0.0,66.0,360.0,1.0,Semiurban,Y,train
LN101003,Male,No,0,Graduate,No,5318,3377.0,296.0,360.0,1.0,Rural,N,train
LN101004,Female,No,1,Not Graduate,Yes,3867,0.0,62.0,360.0,1.0,Semiurban,N,train
LN101005,Male,No,0,Not Graduate,No,6045,0.0,115.0,360.0,0.0,Rural,N,train
LN101006,Female,No,3+,Graduate,No,379,45686.0,336.0,180.0,1.0,Urban,N,train
LN101007,Male,No,1,Not Graduate,No,2679,1302.0,94.0,360.0,1.0,Semiurban,Y,train
LN101008,Male,No,1,Not Graduate,No,3739,0.0,92.0,240.0,1.0,Urban,Y,train
LN101009,Female,Yes,0,Graduate,No,2484,2302.0,137.0,360.0,1.0,Semiurban,Y,train
LN101010,Male,No,0,Graduate,No,3265,0.0,102.0,480.0,1.0,Urban,N,train
LN101011,Male,Yes,2,Graduate,No,7952,0.0,179.0,360.0,1.0,Semiurban,Y,train
LN101012,Male,Yes,0,Graduate,No,8994,0.0,281.0,360.0,1.0,Urban,N,train
LN101013,Male,Yes,0,Graduate,No,2881,1960.0,163.0,360.0,1.0,Rural,Y,train
LN101014,Female,No,0,Graduate,No,4160,0.0,71.0,360.0,1.0,Semiurban,Y,train
LN101015,Female,Yes,0,Graduate,Yes,5929,0.0,99.0,360.0,0.0,Rural,N,train
LN101016,Male,Yes,0,Graduate,No,4600,0.0,73.0,180.0,1.0,Semiurban,Y,train
LN101017,Female,No,0,Not Graduate,Yes,16544,0.0,127.0,360.0,1.0,Urban,Y,train
LN101018,Male,Yes,0,Not Graduate,No,3000,1666.0,100.0,480.0,0.0,Urban,N,train
LN101019,Male,Yes,2,Not Graduate,No,2212,1610.0,57.0,300.0,1.0,Urban,Y,train
LN101020,Male,Yes,2,Not Graduate,No,3091,1689.0,79.0,360.0,1.0,Urban,Y,train
LN101021,Male,No,0,Graduate,No,4052,0.0,128.0,360.0,1.0,Semiurban,Y,train
LN101022,Male,Yes,3+,Not Graduate,No,4409,0.0,89.0,360.0,0.0,Semiurban,N,train
LN101023,Male,No,0,Graduate,Yes,7740,0.0,181.0,180.0,1.0,Semiurban,Y,train
LN101024,Male,No,0,Graduate,No,3080,2935.0,78.0,360.0,1.0,Rural,Y,train
LN101025,Male,Yes,2,Not Graduate,No,3675,242.0,108.0,360.0,1.0,Semiurban,Y,train
LN101026,Male,Yes,0,Graduate,No,5621,2314.0,235.0,360.0,1.0,Semiurban,N,train
LN101027,Male,Yes,0,Graduate,No,3859,3300.0,142.0,180.0,1.0,Rural,Y,train
LN101028,Male,Yes,0,Graduate,No,4958,2308.0,172.0,360.0,1.0,Rural,N,train
LN101029,Male,Yes,2,Graduate,No,6326,5239.0,110.0,360.0,1.0,Rural,Y,train
LN101030,Male,Yes,0,Graduate,No,2843,2070.0,117.0,360.0,0.0,Semiurban,N,train
LN101031,Male,No,0,Graduate,No,5259,3205.0,267.0,360.0,1.0,Rural,N,train
LN101032,Male,Yes,3+,Graduate,No,4347,205.0,132.0,360.0,1.0,Semiurban,Y,train
LN101033,Male,No,0,Graduate,No,2455,0.0,57.0,360.0,1.0,Urban,Y,train
LN101034,Male,Yes,1,Graduate,No,3128,1596.0,114.0,480.0,1.0,Semiurban,Y,train
LN101035,Male,Yes,0,Graduate,No,3180,2108.0,119.0,360.0,1.0,Rural,Y,train
LN101036,Male,Yes,2,Not Graduate,No,4200,1430.0,129.0,360.0,1.0,Rural,N,train
LN101037,Male,Yes,2,Graduate,No,3167,0.0,82.0,360.0,1.0,Semiurban,Y,train
LN101038,Female,Yes,0,Graduate,No,3414,1434.0,139.0,360.0,1.0,Semiurban,Y,train
LN101039,Male,Yes,1,Graduate,Yes,9943,4351.0,429.0,360.0,0.0,Rural,N,train
LN101040,Male,No,0,Graduate,No,3480,0.0,76.0,360.0,1.0,Urban,N,train
LN101041,Male,No,0,Not Graduate,No,3044,0.0,71.0,36.0,1.0,Semiurban,N,train
LN101042,Male,No,0,Not Graduate,No,7452,0.0,118.0,360.0,1.0,Rural,N,train
LN101043,Male,Yes,1,Graduate,Yes,10083,0.0,135.0,360.0,1.0,Rural,N,train
LN101044,Male,No,0,Graduate,No,3147,2188.0,128.0,360.0,1.0,Rural,Y,train
LN101045,Male,Yes,3+,Graduate,No,2902,0.0,88.0,360.0,1.0,Urban,Y,train
LN101046,Male,Yes,0,Graduate,Yes,2746,3331.0,146.0,360.0,1.0,Rural,Y,train
LN101047,Male,No,0,Graduate,Yes,9974,0.0,205.0,360.0,0.0,Urban,N,train
LN101048,Female,Yes,1,Graduate,No,3326,913.0,105.0,84.0,1.0,Semiurban,Y,train
LN101049,Female,No,0,Graduate,No,7084,0.0,117.0,360.0,1.0,Rural,Y,train
LN101050,Male,No,0,Graduate,No,3070,0.0,126.0,360.0,1.0,Semiurban,N,train
LN101051,Male,No,0,Not Graduate,No,3833,0.0,110.0,360.0,1.0,Rural,Y,train
LN101052,Male,Yes,3+,Graduate,No,48081,0.0,716.0,300.0,1.0,Urban,Y,train
LN101053,Male,Yes,0,Graduate,No,1977,997.0,50.0,360.0,1.0,Semiurban,Y,train
LN101054,Male,Yes,3+,Graduate,No,5746,0.0,90.0,360.0,1.0,Urban,N,train
LN101055,Male,Yes,1,Graduate,No,3902,0.0,64.0,360.0,1.0,Urban,N,train
LN101056,Male,Yes,1,Graduate,Yes,7416,0.0,238.0,360.0,1.0,Urban,Y,train
LN101057,Male,Yes,0,Not Graduate,No,1918,907.0,91.0,360.0,1.0,Semiurban,Y,train
LN101058,Male,No,0,Graduate,No,2516,0.0,100.0,480.0,1.0,Semiurban,N,train
LN101059,Male,Yes,2,Graduate,No,3178,786.0,61.0,360.0,1.0,Urban,Y,train
LN101060,Male,No,0,Graduate,No,3741,0.0,102.0,360.0,1.0,Urban,Y,train
LN101061,Male,Yes,2,Graduate,No,1285,1026.0,17.0,120.0,1.0,Urban,Y,train
LN101062,Male,Yes,0,Graduate,No,2132,1591.0,96.0,360.0,1.0,Semiurban,Y,train
LN101063,Female,No,3+,Graduate,No,358,37719.0,325.0,180.0,1.0,Urban,N,train
LN101064,Male,Yes,2,Graduate,No,3214,0.0,127.0,360.0,1.0,Semiurban,Y,train
LN101065,Female,No,1,Graduate,No,4723,0.0,81.0,360.0,1.0,Semiurban,N,train
LN101066,Male,Yes,2,Graduate,Yes,7090,0.0,118.0,360.0,0.0,Rural,N,train
LN101067,Male,Yes,0,Graduate,No,5749,3740.0,162.0,360.0,1.0,Semiurban,Y,train
LN101068,Male,Yes,0,Graduate,No,3852,707.0,118.0,360.0,1.0,Semiurban,Y,train
LN101069,Male,Yes,0,Graduate,No,4440,858.0,132.0,360.0,1.0,Semiurban,Y,train
LN101070,Male,No,0,Graduate,No,3333,0.0,70.0,360.0,1.0,Urban,Y,train
LN101071,Male,Yes,0,Graduate,No,5250,0.0,275.0,360.0,1.0,Urban,N,train
LN101072,Male,No,0,Not Graduate,No,2901,1919.0,111.0,180.0,0.0,Urban,N,train
LN101073,Male,Yes,0,Graduate,No,2470,2752.0,89.0,180.0,0.0,Rural,Y,train
LN101074,Female,No,0,Graduate,No,3104,0.0,78.0,360.0,1.0,Urban,Y,train
LN101075,Male,Yes,0,Graduate,No,14594,0.0,435.0,360.0,1.0,Semiurban,Y,train
LN101076,Male,Yes,0,Graduate,No,6055,2307.0,188.0,360.0,1.0,Rural,N,train
LN101077,Male,Yes,2,Graduate,No,3538,1403.0,128.0,360.0,1.0,Urban,Y,train
LN101078,Male,Yes,1,Graduate,No,4052,3262.0,145.0,360.0,1.0,Semiurban,N,train
LN101079,Male,Yes,1,Not Graduate,No,5954,0.0,123.0,180.0,1.0,Urban,Y,train
LN101080,Male,Yes,1,Graduate,Yes,3304,0.0,96.0,360.0,1.0,Semiurban,Y,train
LN101081,Male,No,0,Graduate,Yes,6822,0.0,141.0,360.0,1.0,Rural,Y,train
LN101082,Female,No,0,Graduate,No,4031,0.0,72.0,360.0,0.0,Urban,N,train
LN101083,Female,No,0,Graduate,No,2845,0.0,77.0,360.0,1.0,Urban,Y,train
LN101084,Male,Yes,0,Not Graduate,No,3723,1981.0,199.0,360.0,1.0,Rural,Y,train
LN101085,Male,Yes,3+,Graduate,No,4244,1554.0,163.0,360.0,0.0,Urban,Y,train
LN101086,Male,Yes,0,Graduate,No,3407,2011.0,105.0,360.0,0.0,Rural,N,train
LN101087,Male,No,1,Not Graduate,Yes,2415,1460.0,216.0,360.0,1.0,Semiurban,N,train
LN101088,Male,Yes,0,Graduate,No,8850,0.0,217.0,360.0,1.0,Semiurban,Y,train
LN101089,Male,Yes,1,Not Graduate,No,2881,2777.0,81.0,360.0,1.0,Semiurban,Y,train
LN101090,Female,No,0,Graduate,No,2106,8964.0,156.0,360.0,0.0,Semiurban,Y,train
LN101091,Male,Yes,2,Graduate,No,3592,1441.0,156.0,360.0,1.0,Rural,Y,train
LN101092,Female,No,0,Graduate,Yes,7093,0.0,196.0,360.0,1.0,Rural,N,train
LN101093,Male,No,0,Graduate,No,5474,0.0,131.0,360.0,0.0,Rural,N,train
LN101094,Male,Yes,0,Graduate,No,3725,2231.0,98.0,360.0,1.0,Urban,N,train
LN101095,Male,Yes,2,Graduate,No,3305,0.0,74.0,360.0,1.0,Semiurban,Y,train
LN101096,Male,Yes,2,Graduate,Yes,19326,0.0,389.0,360.0,1.0,Rural,Y,train
LN101097,Female,Yes,0,Not Graduate,No,3017,663.0,102.0,360.0,1.0,Semiurban,Y,train
LN101098,Female,No,0,Graduate,No,2014,1796.0,49.0,360.0,1.0,Urban,Y,train
LN101099,Male,Yes,1,Graduate,Yes,6711,0.0,273.0,360.0,1.0,Urban,Y,train
LN101100,Male,Yes,1,Graduate,No,6083,4250.0,330.0,360.0,1.0,Urban,Y,train
LN101101,Male,Yes,3+,Not Graduate,Yes,7179,0.0,128.0,60.0,1.0,Urban,Y,train
LN101102,Male,Yes,0,Graduate,No,2698,2106.0,50.0,360.0,1.0,Rural,Y,train
LN101103,Male,No,0,Graduate,No,2557,1993.0,155.0,360.0,1.0,Rural,Y,train
LN101104,Male,Yes,0,Graduate,No,4220,2859.0,157.0,180.0,1.0,Rural,Y,train
LN101105,Male,Yes,0,Graduate,No,2093,1732.0,109.0,360.0,1.0,Semiurban,Y,train
LN101106,Male,Yes,0,Graduate,No,2429,0.0,52.0,360.0,0.0,Urban,N,train
LN101107,Male,Yes,2,Graduate,No,8588,0.0,240.0,360.0,1.0,Semiurban,Y,train
LN101108,Male,Yes,2,Graduate,No,4167,1447.0,158.0,360.0,1.0,Rural,Y,train
LN101109,Male,Yes,0,Not Graduate,No,1640,1712.0,85.0,360.0,1.0,Rural,Y,train
LN101110,Male,Yes,0,Graduate,No,2603,2342.0,123.0,360.0,1.0,Urban,Y,train
LN101111,Male,No,1,Not Graduate,No,2505,1232.0,85.0,360.0,1.0,Semiurban,Y,train
LN101112,Male,No,0,Graduate,No,2324,0.0,109.0,480.0,1.0,Semiurban,N,train
LN101113,Female,No,0,Not Graduate,No,4919,0.0,144.0,360.0,1.0,Rural,Y,train
LN101114,Female,Yes,0,Not Graduate,No,2749,730.0,113.0,360.0,1.0,Semiurban,Y,train
LN101115,Female,No,0,Graduate,No,4388,0.0,115.0,360.0,1.0,Semiurban,N,train
LN101116,Male,Yes,3+,Not Graduate,No,2950,1912.0,78.0,180.0,0.0,Urban,N,train
LN101117,Male,Yes,1,Graduate,No,4235,0.0,130.0,360.0,0.0,Rural,N,train
LN101118,Male,No,0,Graduate,Yes,16336,0.0,168.0,360.0,0.0,Urban,N,train
LN101119,Male,Yes,0,Graduate,No,2221,0.0,60.0,360.0,0.0,Urban,N,train
LN101120,Male,Yes,0,Graduate,No,4202,3110.0,137.0,360.0,1.0,Semiurban,Y,train
LN101121,Male,Yes,3+,Graduate,No,8514,0.0,238.0,360.0,1.0,Rural,Y,train
LN101122,Male,Yes,0,Graduate,No,2509,2516.0,121.0,360.0,1.0,Urban,Y,train
LN101123,Male,Yes,0,Not Graduate,Yes,2355,3930.0,178.0,180.0,0.0,Rural,N,train
LN101124,Male,No,0,Not Graduate,No,3212,0.0,97.0,360.0,1.0,Rural,Y,train
LN101125,Male,Yes,2,Graduate,Yes,2459,4285.0,177.0,360.0,1.0,Rural,Y,train
LN101126,Male,Yes,2,Graduate,No,6700,1750.0,230.0,300.0,1.0,Semiurban,Y,train
LN101127,Male,No,0,Graduate,Yes,6973,0.0,145.0,360.0,1.0,Urban,Y,train
LN101128,Male,No,0,Graduate,Yes,6828,3859.0,118.0,180.0,1.0,Urban,N,train
LN101129,Male,Yes,1,Graduate,No,7721,0.0,201.0,360.0,1.0,Semiurban,Y,train
LN101130,Male,Yes,0,Graduate,No,2512,1067.0,111.0,360.0,1.0,Urban,Y,train
LN101131,Male,No,0,Graduate,No,4417,1941.0,188.0,360.0,1.0,Semiurban,N,train
LN101132,Male,No,3+,Graduate,Yes,10254,0.0,261.0,360.0,1.0,Semiurban,Y,train
LN101133,Male,Yes,0,Graduate,No,5277,0.0,123.0,360.0,1.0,Urban,Y,train
LN101134,Male,Yes,1,Not Graduate,No,3011,1290.0,115.0,180.0,0.0,Rural,N,train
LN101135,Female,No,0,Graduate,No,3047,1298.0,94.0,360.0,1.0,Urban,Y,train
LN101136,Male,No,1,Graduate,No,10654,0.0,174.0,360.0,1.0,Semiurban,N,train
LN101137,Male,Yes,3+,Graduate,No,41684,0.0,545.0,180.0,0.0,Semiurban,Y,train
LN101138,Female,Yes,1,Graduate,No,4132,0.0,145.0,360.0,1.0,Urban,Y,train
LN101139,Male,Yes,0,Graduate,No,2017,2930.0,144.0,360.0,1.0,Semiurban,Y,train
LN101140,Male,Yes,2,Graduate,Yes,20027,0.0,341.0,360.0,1.0,Rural,Y,train
LN101141,Female,Yes,2,Not Graduate,No,205,2716.0,93.0,360.0,1.0,Semiurban,Y,train
LN101142,Female,Yes,0,Graduate,No,2200,526.0,134.0,360.0,1.0,Semiurban,Y,train
LN101143,Male,Yes,3+,Graduate,No,9075,0.0,275.0,360.0,1.0,Rural,Y,train
LN101144,Male,Yes,0,Not Graduate,No,1766,1517.0,86.0,360.0,1.0,Rural,Y,train
LN101145,Male,Yes,2,Graduate,Yes,17500,0.0,400.0,360.0,1.0,Rural,Y,train
LN101146,Male,Yes,0,Not Graduate,No,2701,2326.0,103.0,360.0,1.0,Urban,Y,train
LN101147,Male,Yes,2,Not Graduate,No,2402,1225.0,123.0,360.0,0.0,Rural,N,train
LN101148,Male,Yes,1,Not Graduate,No,2471,2624.0,134.0,360.0,1.0,Rural,Y,train
LN101149,Male,Yes,2,Graduate,Yes,6930,1106.0,116.0,360.0,1.0,Rural,Y,train
LN101150,Male,Yes,0,Graduate,Yes,2083,4083.0,160.0,360.0,1.0,Semiurban,Y,train
LN101151,Male,Yes,0,Graduate,Yes,2327,3988.0,154.0,360.0,1.0,Rural,Y,train
LN101152,Male,Yes,3+,Not Graduate,Yes,3333,2166.0,130.0,360.0,1.0,Semiurban,Y,train
LN101153,Male,Yes,0,Graduate,No,3000,3416.0,56.0,180.0,1.0,Semiurban,Y,train
LN101154,Male,Yes,0,Graduate,No,17329,5641.0,560.0,360.0,1.0,Rural,N,train
LN101155,Male,Yes,0,Graduate,No,3385,1214.0,84.0,360.0,1.0,Urban,Y,train
LN101156,Male,Yes,2,Graduate,No,2786,636.0,60.0,360.0,1.0,Urban,Y,train
LN101157,Male,Yes,3+,Graduate,No,43707,0.0,633.0,180.0,0.0,Semiurban,Y,train
LN101158,Female,No,0,Graduate,No,3692,0.0,93.0,360.0,1.0,Rural,Y,train
LN101159,Male,Yes,0,Graduate,No,4301,0.0,118.0,360.0,1.0,Urban,Y,train
LN101160,Male,Yes,1,Graduate,No,5955,5625.0,315.0,360.0,1.0,Urban,Y,train
LN101161,Male,No,0,Graduate,No,6500,0.0,105.0,360.0,0.0,Rural,N,train
LN101162,Female,Yes,0,Graduate,No,2423,505.0,130.0,360.0,1.0,Semiurban,Y,train
LN101163,Female,No,0,Graduate,No,2720,2731.0,151.0,360.0,1.0,Rural,Y,train
LN101164,Male,No,0,Graduate,No,3718,2582.0,146.0,360.0,1.0,Rural,Y,train
LN101165,Male,Yes,1,Graduate,No,5197,1129.0,28.0,360.0,1.0,Semiurban,Y,train
LN101166,Male,Yes,0,Graduate,No,3300,2286.0,118.0,360.0,0.0,Rural,N,train
LN101167,Male,Yes,2,Graduate,No,4045,1303.0,185.0,360.0,1.0,Urban,Y,train
LN101168,Male,Yes,0,Graduate,No,3400,699.0,137.0,360.0,1.0,Urban,Y,train
LN101169,Male,No,0,Graduate,No,2184,0.0,67.0,360.0,1.0,Urban,N,train
LN101170,Male,Yes,1,Graduate,No,16629,0.0,203.0,180.0,1.0,Rural,Y,train
LN101171,Male,No,0,Not Graduate,Yes,4968,0.0,116.0,360.0,1.0,Semiurban,Y,train
LN101172,Male,Yes,0,Graduate,No,2128,1165.0,132.0,360.0,1.0,Urban,Y,train
LN101173,Male,Yes,0,Graduate,No,1820,1719.0,100.0,360.0,1.0,Urban,Y,train
LN101174,Male,No,0,Graduate,No,2833,1857.0,126.0,360.0,1.0,Rural,Y,train
LN101175,Male,No,2,Graduate,No,4279,0.0,148.0,360.0,1.0,Rural,Y,train
LN101176,Male,Yes,0,Not Graduate,Yes,2820,3623.0,157.0,180.0,0.0,Rural,N,train
LN101177,Male,Yes,0,Graduate,No,900,5363.0,191.0,360.0,1.0,Rural,Y,train
LN101178,Male,Yes,3+,Not Graduate,No,3577,1019.0,105.0,360.0,1.0,Semiurban,Y,train
LN101179,Female,Yes,0,Graduate,No,2444,3058.0,106.0,360.0,0.0,Urban,N,train
LN101180,Male,Yes,0,Not Graduate,Yes,2609,3449.0,165.0,180.0,0.0,Rural,N,train
LN101181,Male,Yes,3+,Graduate,No,7006,0.0,133.0,180.0,1.0,Urban,Y,train
LN101182,Female,No,0,Not Graduate,No,2094,0.0,57.0,360.0,1.0,Rural,Y,train
LN101183,Male,No,1,Not Graduate,Yes,2580,1329.0,209.0,360.0,1.0,Semiurban,N,train
LN101184,Male,Yes,0,Graduate,No,4860,830.0,125.0,360.0,1.0,Semiurban,Y,train
LN101185,Male,No,0,Graduate,No,6643,4113.0,311.0,360.0,1.0,Semiurban,Y,train
LN101186,Female,Yes,1,Graduate,No,4859,0.0,115.0,360.0,1.0,Urban,Y,train
LN101187,Male,No,0,Not Graduate,No,3348,2396.0,111.0,180.0,0.0,Urban,N,train
LN101188,Male,No,0,Graduate,Yes,10416,0.0,187.0,360.0,0.0,Urban,N,train
LN101189,Male,Yes,0,Graduate,No,2123,1392.0,91.0,360.0,1.0,Urban,Y,train
LN101190,Male,Yes,2,Graduate,No,6937,1654.0,229.0,300.0,1.0,Semiurban,Y,train
LN101191,Female,No,0,Graduate,No,2949,0.0,137.0,360.0,1.0,Semiurban,Y,train
LN101192,Female,No,1,Not Graduate,No,4610,0.0,133.0,360.0,1.0,Semiurban,Y,train
LN101193,Male,Yes,0,Graduate,No,10825,0.0,230.0,360.0,1.0,Semiurban,Y,train
LN101194,Male,Yes,3+,Graduate,Yes,4695,1562.0,173.0,360.0,1.0,Semiurban,Y,train
LN101195,Male,No,0,Graduate,No,6193,4285.0,293.0,360.0,1.0,Semiurban,Y,train
LN101196,Male,No,0,Not Graduate,No,7333,0.0,120.0,360.0,1.0,Rural,N,train
LN101197,Male,No,0,Graduate,No,2456,0.0,68.0,360.0,1.0,Urban,Y,train
LN101198,Male,No,0,Graduate,Yes,5936,0.0,139.0,360.0,1.0,Rural,Y,train
LN101199,Male,Yes,2,Not Graduate,No,2309,1255.0,125.0,360.0,0.0,Rural,N,train
LN101200,Male,Yes,0,Graduate,Yes,16120,0.0,260.0,360.0,1.0,Urban,Y,train
LN101201,Male,Yes,3+,Not Graduate,Yes,3620,2126.0,141.0,360.0,1.0,Semiurban,Y,train
LN101202,Male,No,0,Graduate,No,3027,2004.0,135.0,360.0,1.0,Rural,Y,train
LN101203,Female,No,0,Graduate,No,2995,0.0,60.0,360.0,1.0,Urban,Y,train
LN101204,Male,Yes,2,Not Graduate,No,3798,0.0,107.0,360.0,1.0,Semiurban,Y,train
LN101205,Male,No,0,Graduate,No,2243,2278.0,130.0,360.0,1.0,Semiurban,Y,train
LN101206,Male,Yes,1,Graduate,No,6408,6478.0,170.0,360.0,0.0,Urban,N,train
LN101207,Male,Yes,0,Graduate,No,3708,2569.0,173.0,360.0,1.0,Urban,N,train
LN101208,Male,No,0,Graduate,Yes,10219,0.0,90.0,360.0,1.0,Urban,N,train
LN101209,Male,Yes,2,Graduate,No,4543,3768.0,259.0,360.0,1.0,Semiurban,Y,train
LN101210,Male,No,0,Graduate,Yes,7085,0.0,84.0,360.0,1.0,Semiurban,Y,train
LN101211,Male,Yes,1,Graduate,No,11266,0.0,291.0,360.0,1.0,Urban,Y,train
LN101212,Male,Yes,1,Graduate,No,1672,0.0,67.0,360.0,1.0,Rural,N,train
LN101213,Male,Yes,2,Not Graduate,No,4483,0.0,98.0,360.0,1.0,Rural,Y,train
LN101214,Male,No,0,Graduate,No,6000,0.0,141.0,360.0,1.0,Urban,Y,train
LN101215,Male,Yes,0,Graduate,No,3232,1950.0,108.0,360.0,1.0,Rural,Y,train
LN101216,Female,No,1,Graduate,No,2880,1759.0,89.0,360.0,1.0,Urban,Y,train
LN101217,Male,Yes,1,Graduate,Yes,3537,1189.0,147.0,360.0,1.0,Rural,Y,train
LN101218,Female,No,0,Not Graduate,No,4128,0.0,153.0,360.0,1.0,Rural,Y,train
LN101219,Female,Yes,0,Not Graduate,No,4630,0.0,109.0,360.0,1.0,Rural,Y,train
LN101220,Male,Yes,2,Not Graduate,No,3134,0.0,50.0,180.0,0.0,Urban,N,train
LN101221,Female,No,1,Graduate,Yes,7451,0.0,128.0,360.0,1.0,Semiurban,Y,train
LN101222,Male,Yes,0,Graduate,No,55262,0.0,544.0,180.0,1.0,Urban,Y,train
LN101223,Male,Yes,0,Graduate,No,3385,0.0,47.0,180.0,1.0,Rural,Y,train
LN101224,Male,Yes,1,Graduate,No,4199,2932.0,157.0,84.0,1.0,Rural,N,train
LN101225,Male,Yes,0,Graduate,No,1973,1236.0,101.0,360.0,0.0,Urban,N,train
LN101226,Male,No,0,Graduate,No,4027,4308.0,147.0,360.0,1.0,Rural,Y,train
LN101227,Female,No,1,Graduate,No,3471,0.0,106.0,360.0,1.0,Semiurban,Y,train
LN101228,Male,Yes,1,Graduate,No,2998,1703.0,127.0,360.0,1.0,Semiurban,Y,train
LN101229,Male,Yes,2,Graduate,No,5566,4921.0,134.0,360.0,1.0,Rural,Y,train
LN101230,Female,No,2,Graduate,No,3781,1862.0,126.0,360.0,1.0,Semiurban,Y,train
LN101231,Female,No,1,Not Graduate,No,5648,0.0,133.0,360.0,1.0,Semiurban,Y,train
LN101232,Male,Yes,0,Graduate,No,2187,2943.0,149.0,360.0,1.0,Semiurban,Y,train
LN101233,Female,No,0,Graduate,No,1949,9977.0,134.0,360.0,0.0,Semiurban,Y,train
LN101234,Male,Yes,1,Graduate,No,5858,0.0,38.0,360.0,1.0,Urban,Y,train
LN101235,Male,Yes,2,Graduate,No,4061,0.0,86.0,360.0,1.0,Semiurban,Y,train
LN101236,Male,Yes,2,Not Graduate,No,6808,0.0,162.0,360.0,1.0,Rural,Y,train
LN101237,Female,Yes,0,Not Graduate,Yes,7915,0.0,133.0,360.0,1.0,Rural,Y,train
LN101238,Male,Yes,2,Graduate,Yes,9066,8105.0,423.0,360.0,1.0,Rural,Y,train
LN101239,Male,Yes,2,Not Graduate,No,8592,0.0,175.0,360.0,1.0,Rural,Y,train
LN101240,Male,Yes,0,Graduate,No,3500,1667.0,114.0,360.0,1.0,Semiurban,Y,train
LN101241,Male,Yes,0,Graduate,No,6888,4611.0,254.0,360.0,1.0,Semiurban,Y,train
LN101242,Male,Yes,3+,Not Graduate,No,5164,0.0,103.0,360.0,0.0,Semiurban,N,train
LN101243,Male,Yes,1,Graduate,No,4194,0.0,133.0,360.0,1.0,Semiurban,Y,train
LN101244,Female,Yes,0,Not Graduate,No,4100,0.0,124.0,360.0,1.0,Rural,Y,train
LN101245,Male,Yes,0,Graduate,No,2204,2184.0,156.0,360.0,1.0,Urban,Y,train
LN101246,Male,Yes,2,Graduate,No,2834,1829.0,114.0,360.0,0.0,Semiurban,N,train
LN101247,Female,No,0,Graduate,No,2764,1459.0,110.0,360.0,1.0,Urban,Y,train
LN101248,Male,Yes,2,Graduate,Yes,9451,8628.0,331.0,300.0,1.0,Rural,Y,train
LN101249,Male,Yes,0,Graduate,No,1730,3086.0,123.0,360.0,1.0,Semiurban,Y,train
LN101250,Male,Yes,0,Not Graduate,No,4463,2214.0,218.0,360.0,1.0,Rural,Y,train
LN101251,Male,Yes,3+,Graduate,Yes,5266,1774.0,187.0,360.0,1.0,Semiurban,Y,train
LN101252,Male,Yes,2,Graduate,No,1389,1035.0,19.0,120.0,1.0,Urban,Y,train
LN101253,Male,Yes,0,Graduate,No,2161,0.0,76.0,360.0,1.0,Urban,Y,train
LN101254,Female,No,0,Graduate,Yes,6403,0.0,193.0,360.0,1.0,Rural,N,train
LN101255,Male,Yes,0,Graduate,No,13337,0.0,132.0,360.0,1.0,Urban,Y,train
LN101256,Male,Yes,0,Graduate,No,2261,2489.0,117.0,360.0,1.0,Urban,Y,train
LN101257,Male,Yes,2,Graduate,No,8333,3167.0,165.0,360.0,1.0,Rural,Y,train
LN101258,Male,Yes,0,Graduate,No,11034,0.0,208.0,360.0,1.0,Semiurban,Y,train
LN101259,Male,Yes,0,Not Graduate,No,2495,2340.0,108.0,360.0,1.0,Urban,Y,train
LN101260,Male,No,3+,Graduate,No,9032,0.0,166.0,360.0,1.0,Rural,Y,train
LN101261,Male,No,0,Graduate,No,3298,0.0,94.0,360.0,1.0,Semiurban,Y,train
LN101262,Male,Yes,0,Graduate,No,2819,1830.0,158.0,360.0,1.0,Rural,Y,train
LN101263,Female,No,0,Not Graduate,Yes,19385,0.0,211.0,360.0,1.0,Semiurban,Y,train
LN101264,Male,Yes,0,Graduate,No,2860,1514.0,140.0,360.0,1.0,Semiurban,Y,train
LN101265,Male,Yes,2,Not Graduate,No,1876,1499.0,54.0,300.0,1.0,Urban,Y,train
LN101266,Male,Yes,0,Not Graduate,Yes,4147,0.0,92.0,360.0,1.0,Urban,Y,train
LN101267,Male,Yes,0,Not Graduate,No,4096,1985.0,213.0,360.0,1.0,Rural,Y,train
LN101268,Female,No,0,Graduate,No,3350,0.0,86.0,360.0,1.0,Semiurban,Y,train
LN101269,Male,Yes,2,Graduate,No,4648,0.0,117.0,360.0,0.0,Semiurban,N,train
LN101270,Female,No,0,Graduate,No,4626,0.0,92.0,360.0,0.0,Semiurban,N,train
LN101271,Male,Yes,0,Graduate,No,2207,1684.0,91.0,360.0,1.0,Urban,Y,train
LN101272,Female,Yes,0,Graduate,No,3166,0.0,36.0,360.0,1.0,Semiurban,Y,train
LN101273,Male,Yes,0,Not Graduate,Yes,5171,0.0,91.0,360.0,1.0,Urban,Y,train
LN101274,Female,No,0,Graduate,No,3174,1540.0,111.0,360.0,1.0,Urban,Y,train
LN101275,Female,No,0,Graduate,No,1937,8405.0,141.0,360.0,0.0,Semiurban,Y,train
LN101276,Male,No,0,Graduate,No,2060,2209.0,134.0,360.0,1.0,Semiurban,Y,train
LN101277,Female,No,0,Graduate,No,9186,1421.0,199.0,360.0,1.0,Rural,N,train
LN101278,Male,Yes,2,Graduate,No,5228,5616.0,192.0,360.0,1.0,Semiurban,Y,train
LN101279,Male,Yes,1,Not Graduate,No,4243,5718.0,152.0,360.0,1.0,Rural,N,train
LN101280,Male,Yes,3+,Graduate,No,3943,0.0,90.0,360.0,1.0,Urban,Y,train
LN101281,Male,No,0,Graduate,No,1999,1840.0,47.0,360.0,1.0,Semiurban,Y,train
LN101282,Female,Yes,0,Graduate,No,3448,2039.0,176.0,360.0,1.0,Semiurban,Y,train
LN101283,Male,Yes,2,Graduate,No,15340,0.0,313.0,360.0,1.0,Urban,Y,train
LN101284,Female,No,0,Graduate,No,6000,0.0,156.0,360.0,1.0,Urban,Y,train
LN101285,Male,Yes,3+,Graduate,No,2380,2343.0,85.0,360.0,1.0,Rural,Y,train
LN101286,Male,Yes,0,Graduate,No,2573,3774.0,179.0,360.0,1.0,Semiurban,Y,train
LN101287,Female,No,0,Graduate,No,2449,7814.0,143.0,360.0,0.0,Semiurban,Y,train
LN101288,Male,Yes,0,Graduate,No,6401,3705.0,198.0,360.0,1.0,Semiurban,Y,train
LN101289,Male,No,0,Not Graduate,No,6932,0.0,122.0,360.0,0.0,Rural,N,train
LN101290,Male,Yes,0,Not Graduate,Yes,5032,0.0,91.0,360.0,1.0,Urban,Y,train
LN101291,Male,No,0,Graduate,No,1977,1093.0,52.0,360.0,1.0,Urban,Y,train
LN101292,Male,Yes,0,Not Graduate,No,2580,4097.0,122.0,180.0,1.0,Urban,N,train
LN101293,Male,No,1,Graduate,No,4409,1550.0,105.0,360.0,1.0,Urban,Y,train
LN101294,Female,No,0,Graduate,No,3525,2151.0,127.0,360.0,1.0,Semiurban,Y,train
LN101295,Male,Yes,2,Graduate,No,3696,1512.0,137.0,360.0,0.0,Rural,N,train
LN101296,Male,Yes,1,Not Graduate,No,4322,1201.0,160.0,360.0,1.0,Urban,Y,train
LN101297,Male,No,1,Graduate,No,37719,0.0,152.0,360.0,1.0,Semiurban,Y,train
LN101298,Female,No,0,Graduate,No,3347,0.0,80.0,360.0,1.0,Semiurban,Y,train
LN101299,Male,Yes,3+,Not Graduate,No,2968,0.0,75.0,360.0,1.0,Semiurban,Y,train
LN101300,Male,Yes,1,Graduate,No,8740,0.0,170.0,300.0,0.0,Semiurban,N,train
LN101301,Male,No,2,Graduate,No,4015,0.0,143.0,360.0,1.0,Rural,Y,train
LN101302,Female,No,0,Graduate,No,4008,0.0,79.0,360.0,1.0,Semiurban,Y,train
LN101303,Male,Yes,1,Graduate,No,7250,1667.0,110.0,360.0,0.0,Urban,N,train
LN101304,Male,Yes,0,Not Graduate,No,3041,2670.0,134.0,360.0,1.0,Rural,Y,train
LN101305,Male,Yes,2,Graduate,No,3100,1400.0,113.0,360.0,1.0,Urban,Y,train
LN101306,Female,No,1,Graduate,No,4992,0.0,76.0,360.0,1.0,Semiurban,N,train
LN101307,Male,No,0,Graduate,Yes,7897,0.0,91.0,360.0,1.0,Semiurban,Y,train
LN101308,Male,No,0,Graduate,No,3309,0.0,73.0,360.0,1.0,Urban,Y,train
LN101309,Female,No,0,Graduate,No,5005,0.0,101.0,360.0,1.0,Semiurban,Y,train
LN101310,Male,Yes,2,Graduate,No,2583,2330.0,125.0,360.0,1.0,Rural,Y,train
LN101311,Male,No,0,Not Graduate,No,4356,1439.0,101.0,360.0,1.0,Rural,Y,train
LN101312,Female,No,0,Graduate,No,10000,0.0,214.0,360.0,1.0,Semiurban,N,train
LN101313,Male,Yes,2,Graduate,No,5166,3868.0,269.0,360.0,1.0,Semiurban,Y,train
LN101314,Male,Yes,0,Graduate,No,3983,0.0,136.0,360.0,1.0,Urban,Y,train
LN101315,Male,Yes,3+,Not Graduate,Yes,5343,0.0,113.0,360.0,1.0,Rural,Y,train
LN101316,Male,No,0,Not Graduate,No,2244,0.0,118.0,360.0,1.0,Urban,N,train
LN101317,Male,Yes,0,Not Graduate,No,2637,1698.0,103.0,360.0,0.0,Semiurban,N,train
LN101318,Male,No,0,Graduate,No,3259,0.0,91.0,300.0,1.0,Semiurban,Y,train
LN101319,Male,No,0,Not Graduate,No,3159,0.0,72.0,300.0,1.0,Rural,N,train
LN101320,Male,No,0,Graduate,No,6137,4193.0,284.0,360.0,1.0,Semiurban,Y,train
LN101321,Male,Yes,3+,Not Graduate,No,4931,0.0,128.0,360.0,1.0,Semiurban,N,train
LN101322,Female,No,0,Graduate,No,3080,0.0,34.0,360.0,1.0,Urban,Y,train
LN101323,Male,Yes,1,Graduate,No,1782,2232.0,107.0,360.0,1.0,Rural,Y,train
LN101324,Male,No,2,Graduate,No,3150,0.0,78.0,360.0,0.0,Rural,N,train
LN101325,Male,Yes,0,Graduate,No,2458,4274.0,117.0,360.0,1.0,Rural,Y,train
LN101326,Female,Yes,0,Not Graduate,Yes,8186,0.0,123.0,360.0,1.0,Rural,Y,train
LN101327,Male,Yes,0,Graduate,No,3111,2260.0,148.0,360.0,1.0,Rural,Y,train
LN101328,Female,No,1,Graduate,Yes,9788,0.0,141.0,360.0,1.0,Semiurban,Y,train
LN101329,Male,Yes,2,Graduate,No,16666,0.0,275.0,360.0,1.0,Urban,Y,train
LN101330,Male,Yes,0,Graduate,No,14880,0.0,96.0,360.0,1.0,Semiurban,Y,train
LN101331,Male,Yes,2,Graduate,No,3140,0.0,73.0,360.0,1.0,Semiurban,Y,train
LN101332,Male,Yes,2,Graduate,No,3704,2216.0,137.0,360.0,1.0,Urban,Y,train
LN101333,Male,Yes,0,Graduate,No,2958,2900.0,131.0,360.0,1.0,Semiurban,Y,train
LN101334,Male,Yes,0,Graduate,No,4978,2364.0,117.0,360.0,1.0,Urban,Y,train
LN101335,Male,No,0,Graduate,No,3417,0.0,81.0,360.0,1.0,Urban,N,train
LN101336,Male,No,0,Not Graduate,No,4137,1760.0,121.0,360.0,1.0,Semiurban,Y,train
LN101337,Male,No,0,Graduate,No,5983,0.0,187.0,360.0,1.0,Urban,Y,train
LN101338,Male,Yes,3+,Not Graduate,Yes,5703,0.0,130.0,360.0,1.0,Rural,Y,train
LN101339,Male,No,0,Graduate,No,3103,6174.0,155.0,60.0,1.0,Urban,Y,train
LN101340,Female,No,0,Graduate,No,11155,0.0,288.0,360.0,1.0,Urban,Y,train
LN101341,Male,Yes,2,Graduate,No,10953,0.0,109.0,360.0,1.0,Urban,Y,train
LN101342,Male,No,0,Graduate,No,4987,1791.0,186.0,360.0,1.0,Semiurban,N,train
LN101343,Male,No,1,Not Graduate,No,3022,1380.0,81.0,360.0,1.0,Semiurban,Y,train
LN101344,Male,Yes,0,Graduate,No,2949,1995.0,171.0,360.0,1.0,Semiurban,Y,train
LN101345,Male,No,2,Graduate,No,4012,0.0,75.0,360.0,0.0,Rural,N,train
LN101346,Male,Yes,0,Graduate,No,2726,3111.0,164.0,360.0,1.0,Semiurban,Y,train
LN101347,Male,No,0,Graduate,No,3371,4021.0,159.0,360.0,1.0,Rural,Y,train
LN101348,Male,Yes,0,Graduate,No,5956,3548.0,180.0,360.0,1.0,Semiurban,Y,train
LN101349,Male,Yes,2,Graduate,Yes,19564,0.0,365.0,360.0,1.0,Rural,Y,train
LN101350,Male,Yes,0,Graduate,No,1025,5500.0,216.0,360.0,1.0,Rural,Y,train
LN101351,Male,Yes,2,Graduate,No,3099,1367.0,120.0,360.0,1.0,Urban,Y,train
LN101352,Male,No,2,Graduate,No,3306,0.0,84.0,360.0,0.0,Rural,N,train
LN101353,Male,No,0,Not Graduate,No,6216,0.0,133.0,360.0,1.0,Rural,N,train
LN101354,Female,No,1,Graduate,Yes,8454,0.0,131.0,360.0,1.0,Semiurban,Y,train
LN101355,Male,Yes,0,Graduate,No,14139,0.0,96.0,360.0,1.0,Semiurban,Y,train
LN101356,Male,Yes,1,Graduate,No,2929,1833.0,141.0,360.0,1.0,Semiurban,Y,train
LN101357,Male,Yes,0,Graduate,No,3208,3066.0,172.0,360.0,1.0,Urban,Y,train
LN101358,Male,Yes,1,Graduate,No,3875,0.0,67.0,360.0,1.0,Urban,N,train
LN101359,Male,Yes,3+,Not Graduate,No,4755,0.0,95.0,360.0,0.0,Semiurban,N,train
LN101360,Female,No,0,Graduate,No,3470,0.0,105.0,360.0,1.0,Semiurban,Y,train
LN101361,Male,No,0,Not Graduate,No,3793,0.0,114.0,360.0,1.0,Rural,Y,train
LN101362,Male,Yes,0,Graduate,No,63337,0.0,490.0,180.0,1.0,Urban,Y,train
LN101363,Female,Yes,0,Graduate,No,2870,0.0,35.0,360.0,1.0,Semiurban,Y,train
LN101364,Male,No,0,Graduate,No,12914,0.0,443.0,360.0,1.0,Semiurban,Y,train
LN101365,Female,No,0,Graduate,No,2962,1510.0,82.0,360.0,1.0,Urban,Y,train
LN101366,Male,Yes,2,Graduate,No,2604,2442.0,126.0,360.0,1.0,Rural,Y,train
LN101367,Male,Yes,1,Graduate,Yes,1896,0.0,75.0,300.0,0.0,Rural,N,train
LN101368,Male,Yes,0,Graduate,No,2174,3223.0,140.0,360.0,1.0,Rural,Y,train
LN101369,Female,No,0,Graduate,No,3815,2584.0,162.0,360.0,1.0,Semiurban,Y,train
LN101370,Male,Yes,1,Not Graduate,No,3838,1432.0,126.0,180.0,1.0,Urban,Y,train
LN101371,Male,No,0,Not Graduate,No,1442,0.0,35.0,360.0,1.0,Urban,N,train
LN101372,Male,Yes,0,Graduate,No,2174,0.0,81.0,360.0,1.0,Urban,Y,train
LN101373,Female,No,1,Graduate,No,4119,0.0,85.0,360.0,1.0,Semiurban,Y,train
LN101374,Male,No,0,Graduate,No,2685,3252.0,83.0,360.0,1.0,Rural,Y,train
LN101375,Male,No,0,Graduate,No,2739,2788.0,163.0,360.0,1.0,Urban,Y,train
LN101376,Male,Yes,1,Graduate,No,1779,2315.0,120.0,360.0,1.0,Rural,Y,train
LN101377,Male,Yes,0,Graduate,No,918,2434.0,97.0,360.0,1.0,Rural,Y,train
LN101378,Male,Yes,0,Graduate,No,1129,5652.0,214.0,360.0,1.0,Rural,Y,train
LN101379,Male,Yes,0,Graduate,No,4315,2414.0,106.0,360.0,1.0,Urban,N,train
LN101380,Male,Yes,2,Graduate,No,14525,0.0,258.0,360.0,1.0,Urban,Y,train
LN101381,Male,Yes,2,Not Graduate,No,4226,1040.0,110.0,360.0,1.0,Urban,Y,train
LN101382,Male,No,0,Not Graduate,No,3358,0.0,80.0,36.0,1.0,Semiurban,N,train
LN101383,Male,Yes,3+,Not Graduate,Yes,5444,0.0,145.0,360.0,1.0,Rural,Y,train
LN101384,Male,Yes,0,Graduate,No,2738,2910.0,153.0,360.0,1.0,Urban,Y,train
LN101385,Male,No,0,Not Graduate,No,3637,1419.0,116.0,360.0,1.0,Semiurban,Y,train
LN101386,Male,Yes,3+,Not Graduate,No,4023,0.0,72.0,180.0,1.0,Rural,N,train
LN101387,Male,Yes,0,Graduate,No,7017,4148.0,267.0,360.0,1.0,Semiurban,Y,train
LN101388,Male,Yes,1,Graduate,No,2042,0.0,56.0,360.0,1.0,Rural,N,train
LN101389,Male,Yes,3+,Graduate,No,4281,0.0,100.0,360.0,1.0,Urban,Y,train
LN101390,Male,Yes,1,Graduate,No,1640,0.0,52.0,360.0,1.0,Rural,N,train
LN101391,Male,No,0,Graduate,No,3676,4301.0,172.0,360.0,1.0,Rural,Y,train
LN101392,Male,Yes,3+,Graduate,No,41325,0.0,525.0,180.0,0.0,Semiurban,Y,train
LN101393,Female,No,1,Graduate,No,2876,1560.0,90.0,360.0,1.0,Urban,Y,train
LN101394,Male,Yes,0,Graduate,No,3464,2454.0,120.0,360.0,0.0,Rural,N,train
LN101395,Male,Yes,2,Graduate,No,5042,2083.0,185.0,360.0,1.0,Rural,N,train
LN101396,Male,No,0,Graduate,No,2526,1783.0,145.0,360.0,1.0,Rural,Y,train
LN101397,Male,Yes,0,Graduate,No,3404,2140.0,160.0,360.0,1.0,Rural,Y,train
LN101398,Male,No,0,Graduate,No,3339,0.0,56.0,360.0,1.0,Urban,Y,train
LN101399,Male,Yes,0,Graduate,No,2290,2194.0,135.0,360.0,1.0,Urban,Y,train
LN101400,Male,Yes,0,Not Graduate,No,6096,0.0,218.0,360.0,0.0,Rural,N,train
LN101401,Male,No,0,Graduate,No,5064,0.0,126.0,360.0,1.0,Urban,Y,train
LN101402,Female,No,0,Graduate,No,4166,0.0,44.0,360.0,1.0,Semiurban,Y,train
LN101403,Female,No,0,Graduate,No,4000,2275.0,144.0,360.0,1.0,Semiurban,Y,train
LN101404,Male,Yes,0,Graduate,No,5164,2170.0,116.0,360.0,1.0,Urban,Y,train
LN101405,Female,Yes,0,Graduate,No,2952,2114.0,142.0,360.0,1.0,Semiurban,Y,train
LN101406,Male,No,2,Graduate,No,3914,0.0,149.0,360.0,1.0,Rural,Y,train
LN101407,Male,Yes,0,Graduate,No,4936,0.0,131.0,360.0,1.0,Urban,Y,train
LN101408,Female,No,0,Graduate,No,2667,1625.0,84.0,360.0,1.0,Urban,Y,train
LN101409,Male,No,0,Graduate,No,1800,1213.0,47.0,360.0,1.0,Urban,Y,train
LN101410,Male,Yes,2,Graduate,Yes,17174,0.0,453.0,360.0,1.0,Rural,Y,train
LN101411,Female,Yes,2,Graduate,No,2031,1632.0,113.0,480.0,1.0,Semiurban,Y,train
LN101412,Male,Yes,0,Graduate,No,5257,4922.0,250.0,360.0,1.0,Semiurban,Y,train
LN101413,Female,Yes,2,Graduate,No,14337,0.0,72.0,360.0,1.0,Urban,Y,train
LN101414,Male,No,0,Graduate,No,5965,0.0,103.0,360.0,0.0,Rural,N,train
LN101415,Male,Yes,0,Graduate,No,1759,3541.0,131.0,360.0,1.0,Semiurban,Y,train
LN101416,Male,Yes,0,Graduate,No,4857,0.0,74.0,180.0,1.0,Semiurban,Y,train
LN101417,Male,Yes,2,Graduate,Yes,5751,3592.0,269.0,360.0,1.0,Urban,Y,train
LN101418,Male,Yes,0,Graduate,No,8286,0.0,278.0,360.0,1.0,Urban,N,train
LN101419,Male,Yes,0,Graduate,No,10536,0.0,211.0,180.0,1.0,Rural,Y,train
LN101420,Male,No,0,Graduate,No,3663,2465.0,126.0,360.0,1.0,Rural,Y,train
LN101421,Male,Yes,0,Graduate,No,2540,5932.0,210.0,360.0,1.0,Rural,Y,train
LN101422,Male,Yes,0,Graduate,No,7578,1010.0,175.0,360.0,1.0,Semiurban,Y,train
LN101423,Male,Yes,3+,Graduate,No,7527,0.0,145.0,180.0,1.0,Urban,Y,train
LN101424,Male,No,1,Not Graduate,No,2944,1228.0,85.0,360.0,1.0,Semiurban,Y,train
LN101425,Male,Yes,0,Graduate,Yes,3110,0.0,28.0,120.0,1.0,Semiurban,Y,train
LN101426,Female,No,1,Graduate,No,4312,0.0,96.0,360.0,1.0,Rural,Y,train
LN101427,Male,No,0,Not Graduate,No,3829,1597.0,125.0,360.0,1.0,Semiurban,Y,train
LN101428,Male,No,0,Graduate,No,5310,0.0,127.0,360.0,1.0,Urban,Y,train
LN101429,Male,Yes,1,Not Graduate,No,2653,1500.0,113.0,180.0,0.0,Rural,N,train
LN101430,Male,No,0,Graduate,No,4786,0.0,126.0,360.0,1.0,Urban,Y,train
LN101431,Male,No,0,Graduate,No,2980,2083.0,120.0,360.0,1.0,Rural,Y,train
LN101432,Female,Yes,0,Graduate,No,2566,2637.0,150.0,360.0,1.0,Semiurban,Y,train
LN101433,Male,Yes,2,Not Graduate,Yes,1875,1875.0,97.0,360.0,1.0,Semiurban,Y,train
LN101434,Male,No,0,Graduate,No,4022,0.0,92.0,360.0,0.0,Semiurban,N,train
LN101435,Male,No,0,Not Graduate,No,3232,2481.0,110.0,360.0,1.0,Semiurban,Y,train
LN101436,Male,Yes,0,Graduate,No,4112,3765.0,232.0,360.0,1.0,Semiurban,Y,train
LN101437,Male,Yes,1,Graduate,No,3750,0.0,116.0,360.0,1.0,Semiurban,Y,train
LN101438,Female,No,0,Graduate,No,4139,0.0,38.0,360.0,1.0,Semiurban,Y,train
LN101439,Male,Yes,0,Not Graduate,Yes,5334,0.0,134.0,360.0,1.0,Urban,N,train
LN101440,Male,No,0,Graduate,No,4950,0.0,125.0,360.0,1.0,Urban,Y,train
LN101441,Male,No,0,Not Graduate,No,7025,0.0,136.0,360.0,1.0,Semiurban,Y,train
LN101442,Male,No,0,Graduate,No,2229,1870.0,134.0,360.0,1.0,Rural,Y,train
LN101443,Male,Yes,0,Graduate,No,5638,0.0,158.0,360.0,1.0,Urban,Y,train
LN101444,Male,Yes,2,Graduate,No,4630,5443.0,179.0,360.0,1.0,Semiurban,Y,train
LN101445,Male,Yes,0,Graduate,No,1076,5939.0,243.0,360.0,1.0,Rural,Y,train
LN101446,Male,Yes,2,Graduate,No,2105,1739.0,103.0,360.0,1.0,Rural,Y,train
LN101447,Male,Yes,0,Graduate,No,1791,1230.0,91.0,360.0,0.0,Urban,N,train
LN101448,Male,Yes,3+,Not Graduate,No,4094,0.0,140.0,180.0,1.0,Urban,N,train
LN101449,Male,Yes,1,Not Graduate,No,2805,6937.0,307.0,180.0,1.0,Semiurban,Y,train
LN101450,Male,Yes,1,Graduate,Yes,9833,1833.0,182.0,180.0,1.0,Urban,Y,train
LN101451,Male,Yes,1,Graduate,No,14811,0.0,212.0,180.0,1.0,Rural,Y,train
LN101452,Male,No,0,Not Graduate,No,2869,2582.0,128.0,360.0,1.0,Rural,Y,train
LN101453,Female,No,0,Graduate,No,2138,1774.0,115.0,360.0,0.0,Urban,N,train
LN101454,Male,Yes,2,Graduate,No,9747,0.0,278.0,360.0,0.0,Urban,N,train
LN101455,Female,No,0,Graduate,No,3180,0.0,71.0,360.0,0.0,Urban,N,train
LN101456,Male,Yes,1,Not Graduate,No,3985,5668.0,142.0,360.0,1.0,Rural,N,train
LN101457,Female,No,0,Graduate,No,2766,0.0,49.0,360.0,1.0,Rural,Y,train
LN101458,Male,Yes,0,Graduate,No,2624,2105.0,170.0,360.0,1.0,Rural,Y,train
LN101459,Male,Yes,3+,Graduate,No,4338,0.0,106.0,360.0,1.0,Urban,Y,train
LN101460,Male,No,0,Graduate,No,3182,2917.0,161.0,360.0,1.0,Urban,Y,train
LN101461,Male,Yes,1,Not Graduate,No,2686,1403.0,104.0,180.0,0.0,Rural,N,train
LN101462,Female,No,0,Graduate,No,3920,2068.0,141.0,360.0,1.0,Semiurban,Y,train
LN101463,Female,No,0,Graduate,No,4009,0.0,105.0,360.0,1.0,Semiurban,Y,train
LN101464,Female,No,1,Graduate,No,3942,0.0,101.0,360.0,1.0,Semiurban,Y,train
LN101465,Male,No,0,Graduate,No,2246,1657.0,136.0,360.0,1.0,Rural,Y,train
LN101466,Male,Yes,2,Graduate,Yes,2707,4797.0,152.0,360.0,1.0,Rural,Y,train
LN101467,Female,No,0,Not Graduate,No,2720,0.0,80.0,360.0,0.0,Urban,N,train
LN101468,Male,Yes,3+,Graduate,No,2678,1816.0,103.0,360.0,1.0,Rural,Y,train
LN101469,Male,No,0,Graduate,No,5726,0.0,172.0,360.0,1.0,Urban,Y,train
LN101470,Male,No,0,Graduate,No,3996,2257.0,159.0,360.0,1.0,Rural,Y,train
LN101471,Male,Yes,0,Graduate,No,3644,3043.0,182.0,360.0,1.0,Urban,Y,train
LN101472,Male,Yes,2,Graduate,No,3717,0.0,120.0,360.0,1.0,Semiurban,Y,train
LN101473,Female,Yes,0,Graduate,No,4871,0.0,97.0,360.0,1.0,Rural,N,train
LN101474,Male,Yes,1,Not Graduate,No,3500,1083.0,135.0,360.0,1.0,Urban,Y,train
LN101475,Male,Yes,3+,Not Graduate,Yes,6083,0.0,118.0,360.0,1.0,Rural,Y,train
LN101476,Male,No,0,Graduate,No,2366,2531.0,136.0,360.0,1.0,Semiurban,Y,train
LN101477,Male,Yes,0,Not Graduate,No,2606,1700.0,101.0,480.0,0.0,Urban,N,train
LN101478,Male,Yes,0,Graduate,No,4079,0.0,125.0,360.0,1.0,Semiurban,Y,train
LN101479,Male,Yes,3+,Not Graduate,No,2877,1510.0,78.0,180.0,0.0,Urban,N,train
LN101480,Male,Yes,0,Graduate,No,2275,2067.0,128.0,360.0,1.0,Urban,Y,train
LN101481,Male,Yes,1,Graduate,No,3197,1083.0,94.0,360.0,1.0,Urban,Y,train
LN101482,Male,Yes,0,Graduate,No,3233,1905.0,124.0,360.0,1.0,Rural,Y,train
LN101483,Male,No,1,Not Graduate,No,3016,1324.0,85.0,360.0,1.0,Semiurban,Y,train
LN101484,Male,Yes,0,Not Graduate,No,4542,0.0,124.0,360.0,1.0,Rural,N,train
LN101485,Male,Yes,3+,Not Graduate,No,2994,0.0,81.0,360.0,1.0,Semiurban,Y,train
LN101486,Male,Yes,0,Graduate,No,3539,1376.0,55.0,360.0,1.0,Rural,N,train
LN101487,Male,No,0,Graduate,Yes,7299,0.0,185.0,180.0,1.0,Semiurban,Y,train
LN101488,Male,Yes,2,Graduate,No,6464,4863.0,118.0,360.0,1.0,Rural,Y,train
LN101489,Male,Yes,3+,Graduate,No,4599,2898.0,217.0,360.0,1.0,Semiurban,Y,train
LN101490,Male,No,0,Graduate,No,2319,0.0,51.0,360.0,1.0,Semiurban,Y,train
LN101491,Male,No,0,Graduate,No,1764,1952.0,44.0,360.0,1.0,Semiurban,Y,train
LN101492,Male,Yes,2,Graduate,No,2957,0.0,81.0,360.0,1.0,Semiurban,Y,train
LN101493,Male,Yes,0,Not Graduate,Yes,2519,3274.0,182.0,180.0,0.0,Rural,N,train
LN101494,Female,No,0,Graduate,No,8593,1911.0,248.0,360.0,1.0,Rural,N,train
LN101495,Male,Yes,0,Graduate,No,3226,0.0,38.0,180.0,1.0,Rural,Y,train
LN101496,Male,No,1,Graduate,No,36906,0.0,145.0,360.0,1.0,Semiurban,Y,train
LN101497,Male,No,0,Graduate,No,22508,0.0,434.0,360.0,1.0,Rural,N,train
LN101498,Male,Yes,2,Graduate,No,3462,1679.0,165.0,360.0,0.0,Rural,N,train
LN101499,Male,Yes,0,Graduate,No,4367,1972.0,158.0,360.0,0.0,Rural,N,train
LN101500,Male,No,0,Graduate,No,5296,0.0,137.0,360.0,1.0,Urban,Y,train
LN101501,Male,No,0,Graduate,No,4304,0.0,123.0,480.0,1.0,Urban,N,train
LN101502,Female,No,1,Graduate,Yes,8624,0.0,150.0,360.0,1.0,Semiurban,Y,train
LN101503,Male,No,0,Graduate,No,4242,3824.0,134.0,360.0,1.0,Rural,Y,train
LN101504,Male,No,0,Graduate,No,3088,5898.0,143.0,60.0,1.0,Urban,Y,train
LN101505,Female,Yes,2,Graduate,No,1378,1881.0,167.0,360.0,1.0,Urban,N,train
LN101506,Male,Yes,2,Graduate,Yes,5746,0.0,144.0,84.0,1.0,Rural,Y,train
LN101507,Male,No,0,Graduate,No,2753,3216.0,185.0,360.0,1.0,Urban,Y,train
LN101508,Male,No,0,Graduate,No,3720,0.0,131.0,360.0,1.0,Semiurban,N,train
LN101509,Female,Yes,0,Graduate,Yes,5753,0.0,110.0,360.0,0.0,Rural,N,train
LN101510,Male,Yes,1,Not Graduate,No,5285,1430.0,161.0,360.0,0.0,Semiurban,Y,train
LN101511,Male,Yes,0,Graduate,No,15885,0.0,422.0,360.0,1.0,Semiurban,Y,train
LN101512,Male,Yes,2,Graduate,No,2873,1872.0,132.0,360.0,0.0,Semiurban,N,train
LN101513,Male,Yes,2,Not Graduate,No,1745,1828.0,103.0,180.0,1.0,Semiurban,Y,train
LN101514,Male,Yes,1,Graduate,No,3127,1969.0,110.0,360.0,1.0,Semiurban,Y,train
LN101515,Female,Yes,1,Graduate,No,3307,834.0,117.0,84.0,1.0,Semiurban,Y,train
LN101516,Male,Yes,0,Graduate,No,2383,2138.0,58.0,360.0,1.0,Rural,Y,train
LN101517,Male,Yes,0,Graduate,No,3189,3112.0,49.0,180.0,1.0,Semiurban,Y,train
LN101518,Male,Yes,2,Graduate,No,7662,1943.0,224.0,300.0,1.0,Semiurban,Y,train
LN101519,Male,No,0,Graduate,No,2616,0.0,80.0,360.0,1.0,Urban,N,train
LN101520,Male,No,1,Not Graduate,Yes,2769,1542.0,190.0,360.0,1.0,Semiurban,N,train
LN101521,Male,Yes,1,Graduate,No,4583,1508.0,128.0,360.0,1.0,Rural,N,train
LN101522,Male,Yes,0,Not Graduate,No,2043,3352.0,109.0,180.0,1.0,Urban,N,train
LN101523,Male,Yes,2,Graduate,No,6540,0.0,205.0,360.0,1.0,Semiurban,Y,train
LN101524,Male,Yes,3+,Graduate,No,2666,2083.0,95.0,360.0,1.0,Rural,Y,train
LN101525,Male,Yes,3+,Not Graduate,No,2865,0.0,65.0,360.0,1.0,Semiurban,Y,train
LN101526,Male,No,0,Graduate,Yes,20166,0.0,650.0,480.0,1.0,Urban,Y,train
LN101527,Male,No,0,Graduate,No,5849,0.0,128.0,360.0,1.0,Urban,Y,train
LN101528,Male,No,0,Graduate,No,3784,1479.0,145.0,360.0,1.0,Rural,Y,train
LN101529,Male,Yes,1,Graduate,No,7964,272.0,228.0,360.0,1.0,Urban,Y,train
LN101530,Male,Yes,0,Graduate,Yes,3330,0.0,22.0,120.0,1.0,Semiurban,Y,train
LN101531,Male,Yes,0,Graduate,No,2871,1954.0,138.0,360.0,1.0,Semiurban,Y,train
LN101532,Male,Yes,0,Graduate,No,3487,1663.0,87.0,360.0,1.0,Urban,Y,train
LN101533,Female,Yes,0,Graduate,No,4629,0.0,73.0,360.0,1.0,Rural,N,train
LN101534,Male,Yes,0,Graduate,No,3376,2133.0,147.0,360.0,1.0,Semiurban,Y,train
LN101535,Female,Yes,0,Graduate,No,11381,0.0,126.0,240.0,1.0,Semiurban,Y,train
LN101536,Male,Yes,3+,Not Graduate,No,2647,1587.0,173.0,360.0,1.0,Rural,N,train
LN101537,Male,Yes,3+,Not Graduate,No,2677,0.0,121.0,360.0,1.0,Rural,Y,train
LN101538,Male,Yes,1,Not Graduate,No,1958,2436.0,131.0,360.0,1.0,Rural,Y,train
LN101539,Male,No,0,Graduate,No,2720,2221.0,124.0,360.0,1.0,Semiurban,Y,train
LN101540,Male,Yes,1,Not Graduate,No,4674,1328.0,176.0,360.0,1.0,Urban,Y,train
LN101541,Male,Yes,0,Graduate,No,2149,2983.0,165.0,360.0,1.0,Semiurban,Y,train
LN101542,Male,Yes,0,Graduate,No,2167,1451.0,104.0,360.0,1.0,Semiurban,Y,train
LN101543,Female,No,1,Not Graduate,No,4416,0.0,113.0,360.0,1.0,Semiurban,Y,train
LN101544,Male,Yes,0,Graduate,No,4335,5767.0,250.0,360.0,1.0,Semiurban,Y,train
LN101545,Male,No,1,Not Graduate,No,2828,1362.0,104.0,360.0,1.0,Semiurban,Y,train
LN101546,Male,Yes,1,Not Graduate,No,4621,5582.0,154.0,360.0,1.0,Rural,N,train
LN101547,Male,Yes,2,Graduate,Yes,2448,4602.0,194.0,360.0,1.0,Rural,Y,train
LN101548,Male,Yes,2,Graduate,Yes,5740,1212.0,94.0,360.0,1.0,Rural,Y,train
LN101549,Male,Yes,0,Graduate,No,6094,2307.0,180.0,360.0,1.0,Rural,N,train
LN101550,Male,No,0,Graduate,Yes,7217,0.0,150.0,360.0,1.0,Rural,Y,train
LN101551,Male,Yes,0,Graduate,No,3775,0.0,110.0,360.0,1.0,Semiurban,Y,train
LN101552,Male,No,0,Graduate,No,4394,0.0,114.0,360.0,1.0,Semiurban,Y,train
LN101553,Male,Yes,0,Graduate,No,6080,2569.0,182.0,360.0,1.0,Rural,N,train
LN101554,Male,Yes,1,Graduate,No,5686,0.0,134.0,360.0,0.0,Rural,N,train
LN101555,Female,No,0,Not Graduate,No,4608,0.0,119.0,360.0,1.0,Semiurban,Y,train
LN101556,Male,Yes,3+,Graduate,No,3447,0.0,101.0,360.0,1.0,Urban,Y,train
LN101557,Male,Yes,2,Not Graduate,No,1958,1456.0,60.0,300.0,1.0,Urban,Y,train
LN101558,Male,Yes,2,Not Graduate,Yes,1851,1614.0,90.0,360.0,1.0,Semiurban,Y,train
LN101559,Male,Yes,1,Graduate,Yes,10513,3850.0,160.0,180.0,0.0,Urban,N,train
LN101560,Male,Yes,0,Graduate,No,1798,1367.0,105.0,360.0,0.0,Urban,N,train
LN101561,Female,Yes,2,Graduate,No,13268,0.0,63.0,360.0,1.0,Urban,Y,train
LN101562,Male,Yes,1,Not Graduate,No,2861,2688.0,123.0,360.0,1.0,Rural,Y,train
LN101563,Male,Yes,0,Graduate,No,2968,3185.0,59.0,180.0,1.0,Semiurban,Y,train
LN101564,Male,Yes,1,Graduate,No,3100,1717.0,131.0,360.0,1.0,Semiurban,Y,train
LN101565,Male,Yes,2,Graduate,Yes,6247,0.0,125.0,360.0,0.0,Rural,N,train
LN101566,Male,Yes,0,Graduate,No,2656,3731.0,133.0,360.0,1.0,Rural,Y,train
LN101567,Male,Yes,0,Not Graduate,No,1668,3890.0,201.0,360.0,0.0,Semiurban,N,train
LN101568,Male,No,0,Graduate,No,4133,0.0,122.0,360.0,1.0,Semiurban,Y,train
LN101569,Male,Yes,2,Not Graduate,Yes,6383,1000.0,187.0,360.0,1.0,Rural,N,train
LN101570,Female,No,0,Graduate,No,3510,0.0,76.0,360.0,0.0,Urban,N,train
LN101571,Male,Yes,0,Graduate,No,4117,3502.0,214.0,360.0,1.0,Semiurban,Y,train
LN101572,Male,Yes,1,Graduate,No,14583,0.0,185.0,180.0,1.0,Rural,Y,train
LN101573,Male,Yes,0,Not Graduate,No,4830,0.0,130.0,360.0,1.0,Rural,N,train
LN101574,Male,Yes,2,Graduate,No,5000,0.0,72.0,360.0,0.0,Semiurban,N,train
LN101575,Male,Yes,1,Graduate,No,12292,0.0,281.0,360.0,1.0,Urban,Y,train
LN101576,Male,Yes,1,Graduate,No,1806,0.0,54.0,360.0,1.0,Rural,N,train
LN101577,Male,No,0,Graduate,No,3011,2575.0,136.0,360.0,1.0,Semiurban,Y,train
LN101578,Male,Yes,1,Graduate,No,3799,0.0,86.0,360.0,1.0,Semiurban,Y,train
LN101579,Male,Yes,2,Graduate,No,4265,0.0,108.0,360.0,1.0,Semiurban,Y,train
LN101580,Male,No,0,Graduate,No,3500,0.0,81.0,300.0,1.0,Semiurban,Y,train
LN101581,Female,No,1,Graduate,No,13262,0.0,40.0,360.0,1.0,Urban,Y,train
LN101582,Male,No,0,Graduate,No,2155,20850.0,99.0,360.0,1.0,Semiurban,Y,train
LN101583,Male,Yes,2,Graduate,No,4316,0.0,69.0,360.0,0.0,Semiurban,N,train
LN101584,Male,Yes,0,Graduate,No,2400,0.0,75.0,360.0,1.0,Urban,Y,train
LN101585,Male,No,0,Not Graduate,Yes,5800,0.0,132.0,360.0,1.0,Semiurban,Y,train
LN101586,Male,No,0,Graduate,No,2196,4905.0,60.0,360.0,1.0,Rural,N,train
LN101587,Male,Yes,1,Graduate,No,14606,12324.0,377.0,360.0,1.0,Semiurban,N,train
LN101588,Male,Yes,0,Graduate,No,2569,1705.0,96.0,360.0,1.0,Urban,Y,train
LN101589,Male,Yes,0,Graduate,No,20003,0.0,136.0,360.0,1.0,Rural,N,train
LN101590,Male,Yes,0,Not Graduate,No,1711,1189.0,101.0,360.0,1.0,Semiurban,Y,train
LN101591,Male,Yes,1,Graduate,No,3369,1961.0,152.0,360.0,1.0,Semiurban,Y,train
LN101592,Male,Yes,3+,Graduate,No,3063,0.0,86.0,360.0,1.0,Urban,Y,train
LN101593,Female,No,0,Graduate,Yes,7696,0.0,170.0,360.0,1.0,Rural,N,train
LN101594,Male,Yes,1,Graduate,Yes,16667,2250.0,86.0,360.0,1.0,Semiurban,Y,train
LN101595,Male,Yes,3+,Not Graduate,No,3522,0.0,81.0,180.0,1.0,Rural,N,train
LN101596,Female,Yes,0,Graduate,No,2749,2026.0,145.0,360.0,1.0,Semiurban,Y,train
LN101597,Male,Yes,0,Not Graduate,No,4300,2014.0,194.0,360.0,1.0,Rural,Y,train
LN101598,Male,No,0,Graduate,No,2280,2263.0,138.0,360.0,1.0,Semiurban,Y,train
LN101599,Female,No,1,Graduate,Yes,6346,0.0,133.0,360.0,1.0,Semiurban,Y,train
LN101600,Male,Yes,3+,Not Graduate,No,3200,0.0,72.0,360.0,1.0,Semiurban,Y,train
LN101601,Male,No,0,Graduate,No,4212,1473.0,111.0,360.0,1.0,Rural,Y,train
LN101602,Male,Yes,0,Graduate,No,5829,0.0,138.0,360.0,1.0,Rural,Y,train
LN101603,Male,Yes,0,Graduate,No,3443,3857.0,124.0,180.0,0.0,Rural,N,train
LN101604,Male,Yes,3+,Graduate,No,80846,0.0,351.0,360.0,0.0,Rural,N,train
LN101605,Female,No,0,Graduate,No,4224,0.0,70.0,360.0,1.0,Semiurban,Y,train
LN101606,Female,No,0,Graduate,No,6800,0.0,112.0,360.0,1.0,Rural,Y,train
LN101607,Male,Yes,2,Graduate,No,3966,1544.0,161.0,360.0,1.0,Rural,Y,train
LN101608,Male,Yes,2,Graduate,No,3276,484.0,135.0,360.0,1.0,Semiurban,Y,train
LN101609,Male,Yes,2,Graduate,No,6250,5654.0,188.0,180.0,1.0,Semiurban,Y,train
LN101610,Male,Yes,1,Graduate,No,2750,1842.0,115.0,360.0,1.0,Semiurban,Y,train
LN101611,Male,Yes,1,Graduate,No,4813,1351.0,120.0,360.0,1.0,Rural,N,train
LN101612,Male,Yes,0,Graduate,No,2434,1865.0,116.0,360.0,1.0,Urban,Y,train
LN101613,Male,Yes,1,Not Graduate,No,7495,0.0,154.0,180.0,1.0,Urban,Y,train
LN101614,Male,Yes,0,Not Graduate,No,3029,1603.0,104.0,360.0,1.0,Semiurban,Y,train
LN101615,Male,No,0,Graduate,No,3905,1748.0,119.0,360.0,1.0,Rural,Y,train
LN101616,Male,No,0,Not Graduate,No,3984,0.0,108.0,360.0,1.0,Rural,Y,train
LN101617,Female,No,1,Not Graduate,No,5458,0.0,114.0,360.0,1.0,Semiurban,Y,train
LN101618,Male,Yes,0,Graduate,No,5140,0.0,150.0,360.0,1.0,Rural,Y,train
LN101619,Male,Yes,0,Graduate,No,5149,2901.0,123.0,12.0,1.0,Urban,Y,train
LN101620,Male,Yes,0,Graduate,No,13527,0.0,118.0,360.0,1.0,Urban,Y,train
LN101621,Male,Yes,1,Graduate,No,9418,0.0,169.0,300.0,0.0,Semiurban,N,train
LN101622,Male,Yes,2,Graduate,No,4708,1387.0,150.0,360.0,1.0,Semiurban,Y,train
LN101623,Male,Yes,2,Graduate,No,8000,0.0,200.0,360.0,1.0,Semiurban,Y,train
LN101624,Male,Yes,0,Graduate,No,2621,1446.0,116.0,360.0,1.0,Urban,Y,train
LN101625,Male,No,0,Graduate,No,6283,4416.0,209.0,360.0,0.0,Rural,N,train
LN101626,Male,Yes,0,Graduate,No,2518,2185.0,62.0,360.0,1.0,Rural,Y,train
LN101627,Male,Yes,3+,Not Graduate,No,4605,0.0,135.0,360.0,1.0,Semiurban,N,train
LN101628,Female,No,0,Graduate,No,7200,0.0,120.0,360.0,1.0,Rural,Y,train
LN101629,Female,No,0,Graduate,No,5000,0.0,132.0,360.0,1.0,Rural,Y,train
LN101630,Male,Yes,0,Not Graduate,No,4777,0.0,122.0,360.0,1.0,Rural,N,train
LN101631,Male,Yes,0,Graduate,No,2333,2417.0,136.0,360.0,1.0,Urban,Y,train
LN101632,Male,Yes,0,Graduate,No,10905,0.0,210.0,360.0,1.0,Semiurban,Y,train
LN101633,Male,No,1,Not Graduate,No,2760,1142.0,96.0,360.0,1.0,Semiurban,Y,train
LN101634,Female,No,0,Not Graduate,No,4238,0.0,133.0,360.0,1.0,Rural,Y,train
LN101635,Female,No,0,Graduate,No,2917,0.0,84.0,360.0,1.0,Semiurban,Y,train
LN101636,Male,No,0,Graduate,Yes,6297,0.0,185.0,180.0,1.0,Semiurban,Y,train
LN101637,Male,No,0,Graduate,No,3583,0.0,96.0,360.0,1.0,Urban,N,train
LN101638,Female,No,0,Not Graduate,No,2188,0.0,64.0,360.0,1.0,Rural,Y,train
LN101639,Female,Yes,0,Graduate,No,3551,1529.0,127.0,360.0,1.0,Semiurban,Y,train
LN101640,Male,Yes,2,Graduate,No,2301,985.7999878,78.0,180.0,1.0,Urban,Y,train
LN101641,Male,Yes,0,Not Graduate,No,2683,2440.0,175.0,360.0,0.0,Urban,N,train
LN101642,Male,Yes,0,Graduate,Yes,2240,4596.0,153.0,360.0,1.0,Semiurban,Y,train
LN101643,Male,Yes,3+,Graduate,No,4452,3505.0,194.0,360.0,1.0,Semiurban,Y,train
LN101644,Male,No,0,Graduate,No,2836,6551.0,169.0,60.0,1.0,Urban,Y,train
LN101645,Male,No,0,Graduate,No,3254,0.0,50.0,360.0,1.0,Urban,Y,train
LN101646,Male,Yes,3+,Not Graduate,Yes,3071,1896.0,149.0,360.0,1.0,Semiurban,Y,train
LN101647,Male,Yes,2,Not Graduate,No,2855,0.0,41.0,180.0,0.0,Urban,N,train
LN101648,Male,No,0,Graduate,No,4159,3659.0,154.0,360.0,1.0,Rural,Y,train
LN101649,Male,Yes,1,Graduate,Yes,10521,3589.0,141.0,180.0,0.0,Urban,N,train
LN101650,Female,No,0,Graduate,No,2378,0.0,46.0,360.0,1.0,Rural,N,train
LN101651,Male,No,0,Graduate,Yes,7838,0.0,198.0,180.0,1.0,Semiurban,Y,train
LN101652,Male,Yes,2,Not Graduate,Yes,7315,1139.0,207.0,360.0,1.0,Rural,N,train
LN101653,Male,Yes,0,Graduate,No,5493,0.0,244.0,360.0,1.0,Urban,N,train
LN101654,Male,Yes,1,Not Graduate,No,3540,5672.0,124.0,360.0,1.0,Rural,N,train
LN101655,Male,Yes,0,Graduate,No,4205,891.0,112.0,360.0,1.0,Semiurban,Y,train
LN101656,Male,No,1,Graduate,No,3899,1981.0,115.0,360.0,1.0,Urban,Y,train
LN101657,Male,No,0,Not Graduate,No,6727,0.0,130.0,360.0,1.0,Rural,N,train
LN101658,Male,Yes,1,Graduate,Yes,914,2626.0,112.0,360.0,1.0,Urban,N,train
LN101659,Male,Yes,1,Not Graduate,No,4518,1592.0,181.0,360.0,0.0,Semiurban,Y,train
LN101660,Female,Yes,0,Graduate,No,2831,3533.0,105.0,360.0,0.0,Urban,N,train
LN101661,Male,Yes,0,Not Graduate,No,1972,2623.0,100.0,360.0,0.0,Urban,N,train
LN101662,Male,Yes,0,Not Graduate,No,5837,0.0,176.0,360.0,1.0,Urban,N,train
LN101663,Male,Yes,0,Graduate,No,2130,6666.0,70.0,180.0,1.0,Semiurban,N,train
LN101664,Male,Yes,1,Graduate,No,3717,2925.0,151.0,360.0,1.0,Semiurban,N,train
LN101665,Male,No,0,Not Graduate,No,3216,2215.0,126.0,360.0,1.0,Semiurban,Y,train
LN101666,Male,Yes,0,Graduate,No,4036,2445.0,151.0,360.0,1.0,Semiurban,Y,train
LN101667,Male,Yes,0,Graduate,No,16692,0.0,110.0,360.0,1.0,Semiurban,Y,train
LN101668,Male,No,0,Graduate,No,5042,0.0,121.0,360.0,1.0,Semiurban,Y,train
LN101669,Male,No,0,Graduate,No,6038,0.0,175.0,360.0,1.0,Urban,Y,train
LN101670,Male,Yes,0,Graduate,Yes,5113,2122.0,191.0,360.0,1.0,Semiurban,Y,train
LN101671,Male,Yes,1,Graduate,Yes,2634,0.0,109.0,360.0,1.0,Semiurban,Y,train
LN101672,Male,Yes,1,Graduate,Yes,2862,0.0,95.0,360.0,1.0,Semiurban,Y,train
LN101673,Female,Yes,2,Graduate,No,1367,2101.0,163.0,360.0,1.0,Urban,N,train
LN101674,Male,Yes,0,Not Graduate,No,2400,3800.0,128.0,180.0,1.0,Urban,N,train
LN101675,Male,No,0,Not Graduate,No,4053,0.0,103.0,360.0,1.0,Rural,Y,train
LN101676,Female,No,0,Graduate,No,5094,0.0,147.0,360.0,1.0,Rural,Y,train
LN101677,Female,No,3+,Graduate,No,2643,0.0,252.0,360.0,1.0,Rural,Y,train
LN101678,Male,Yes,0,Graduate,No,3378,1195.0,56.0,360.0,1.0,Rural,N,train
LN101679,Male,Yes,2,Graduate,No,1299,1086.0,17.0,120.0,1.0,Urban,Y,train
LN101680,Male,Yes,3+,Graduate,No,39999,0.0,600.0,180.0,0.0,Semiurban,Y,train
LN101681,Female,No,0,Graduate,No,9793,0.0,231.0,360.0,1.0,Urban,Y,train
LN101682,Male,Yes,0,Graduate,No,20667,0.0,128.0,360.0,1.0,Rural,N,train
LN101683,Male,Yes,0,Not Graduate,No,4465,0.0,99.0,180.0,1.0,Semiurban,Y,train
LN101684,Male,No,0,Graduate,No,4188,4631.0,194.0,360.0,1.0,Rural,Y,train
LN101685,Male,Yes,0,Graduate,No,1955,0.0,66.0,360.0,0.0,Urban,N,train
LN101686,Female,No,1,Graduate,Yes,7467,0.0,128.0,360.0,1.0,Semiurban,Y,train
LN101687,Female,Yes,0,Graduate,No,4626,0.0,79.0,360.0,1.0,Rural,N,train
LN101688,Male,Yes,0,Graduate,No,2144,1228.0,133.0,360.0,1.0,Urban,Y,train
LN101689,Male,Yes,0,Graduate,No,4123,752.0,99.0,360.0,1.0,Semiurban,Y,train
LN101690,Male,Yes,0,Graduate,No,4247,748.0,147.0,360.0,1.0,Urban,Y,train
LN101691,Male,Yes,0,Graduate,No,4583,5625.0,255.0,360.0,1.0,Semiurban,Y,train
LN101692,Male,Yes,0,Not Graduate,No,1863,1041.0,98.0,360.0,1.0,Semiurban,Y,train
LN101693,Male,Yes,1,Graduate,No,4250,1333.0,109.0,360.0,1.0,Rural,N,train
LN101694,Male,No,0,Graduate,No,4683,1915.0,185.0,360.0,1.0,Semiurban,N,train
LN101695,Male,Yes,3+,Not Graduate,No,4648,0.0,99.0,360.0,0.0,Semiurban,N,train
LN101696,Male,Yes,0,Graduate,No,13542,0.0,83.0,360.0,1.0,Semiurban,Y,train
LN101697,Male,No,0,Graduate,No,2435,0.0,75.0,360.0,1.0,Urban,N,train
LN101698,Male,Yes,2,Graduate,No,5782,1587.0,248.0,300.0,1.0,Semiurban,Y,train
LN101699,Female,No,0,Not Graduate,No,4930,0.0,139.0,360.0,1.0,Rural,Y,train
LN101700,Female,Yes,2,Graduate,No,12825,0.0,75.0,360.0,1.0,Urban,Y,train
LN101701,Female,Yes,0,Graduate,No,4452,0.0,87.0,360.0,1.0,Rural,N,train
LN101702,Male,Yes,0,Graduate,No,6525,0.0,125.0,360.0,1.0,Urban,Y,train
LN101703,Male,No,0,Graduate,No,2451,0.0,76.0,360.0,1.0,Urban,N,train
LN101704,Male,No,0,Graduate,Yes,15064,0.0,197.0,360.0,0.0,Urban,N,train
LN101705,Male,Yes,0,Graduate,No,6333,4583.0,259.0,360.0,1.0,Semiurban,Y,train
LN101706,Male,No,0,Graduate,No,3419,2815.0,178.0,360.0,1.0,Urban,Y,train
LN101707,Male,Yes,0,Graduate,No,2647,2358.0,108.0,360.0,1.0,Urban,Y,train
LN101708,Male,Yes,2,Graduate,No,4345,1466.0,135.0,360.0,1.0,Rural,Y,train
LN101709,Male,Yes,0,Graduate,No,3876,746.0,100.0,360.0,1.0,Semiurban,Y,train
LN101710,Male,Yes,0,Not Graduate,No,6063,0.0,224.0,360.0,0.0,Rural,N,train
LN101711,Male,Yes,3+,Not Graduate,No,2202,802.0,104.0,480.0,1.0,Semiurban,Y,train
LN101712,Male,Yes,1,Graduate,Yes,1000,3022.0,110.0,360.0,1.0,Urban,N,train
LN101713,Male,Yes,1,Graduate,No,4330,3057.0,180.0,84.0,1.0,Rural,N,train
LN101714,Male,Yes,2,Graduate,No,4538,0.0,77.0,360.0,0.0,Semiurban,N,train
LN101715,Male,Yes,2,Graduate,Yes,14801,1024.0,140.0,360.0,1.0,Rural,Y,train
LN101716,Male,No,0,Not Graduate,No,3712,0.0,77.0,36.0,1.0,Semiurban,N,train
LN101717,Male,No,0,Graduate,No,3968,0.0,94.0,360.0,1.0,Urban,Y,train
LN101718,Male,Yes,2,Not Graduate,No,4419,889.0,124.0,360.0,1.0,Urban,Y,train
LN101719,Female,No,0,Not Graduate,No,4004,0.0,109.0,360.0,1.0,Semiurban,Y,train
LN101720,Male,Yes,0,Graduate,No,5230,2421.0,155.0,360.0,1.0,Rural,N,train
LN101721,Male,Yes,3+,Not Graduate,No,1790,774.0,96.0,480.0,1.0,Semiurban,Y,train
LN101722,Male,No,0,Graduate,No,3631,0.0,117.0,360.0,1.0,Semiurban,Y,train
LN101723,Female,No,1,Graduate,No,3578,0.0,104.0,360.0,1.0,Semiurban,Y,train
LN101724,Male,Yes,1,Not Graduate,No,2332,2810.0,133.0,360.0,1.0,Urban,Y,train
LN101725,Male,Yes,0,Graduate,No,2439,3333.0,129.0,360.0,1.0,Rural,Y,train
LN101726,Female,No,0,Graduate,No,3182,2877.0,140.0,360.0,1.0,Rural,Y,train
LN101727,Male,Yes,0,Not Graduate,No,1957,2055.0,121.0,360.0,1.0,Urban,Y,train
LN101728,Male,Yes,2,Not Graduate,No,3484,1765.0,105.0,360.0,0.0,Rural,N,train
LN101729,Male,No,0,Graduate,Yes,6400,0.0,200.0,360.0,1.0,Rural,Y,train
LN101730,Male,Yes,0,Graduate,No,2288,1071.0,140.0,360.0,1.0,Urban,Y,train
LN101731,Female,No,0,Graduate,No,3366,0.0,93.0,360.0,1.0,Rural,Y,train
LN101732,Female,No,0,Graduate,No,1939,1509.0,54.0,360.0,1.0,Urban,Y,train
LN101733,Female,Yes,0,Graduate,No,4545,0.0,88.0,360.0,1.0,Rural,N,train
LN101734,Male,Yes,2,Not Graduate,No,6424,1628.0,210.0,480.0,1.0,Semiurban,N,train
LN101735,Male,Yes,2,Graduate,Yes,4939,3697.0,248.0,360.0,1.0,Urban,Y,train
LN101736,Male,Yes,0,Graduate,No,3941,2336.0,134.0,360.0,1.0,Semiurban,Y,train
LN101737,Male,Yes,3+,Not Graduate,No,3287,1715.0,75.0,180.0,0.0,Urban,N,train
LN101738,Male,No,0,Graduate,No,3487,0.0,89.0,360.0,1.0,Urban,N,train
LN101739,Male,Yes,1,Not Graduate,No,2806,1790.0,142.0,180.0,1.0,Urban,N,train
LN101740,Male,Yes,1,Not Graduate,No,2294,2623.0,138.0,360.0,1.0,Urban,Y,train
LN101741,Male,Yes,0,Graduate,No,4098,0.0,40.0,180.0,1.0,Rural,Y,train
LN101742,Male,Yes,1,Graduate,Yes,2023,0.0,60.0,300.0,0.0,Rural,N,train
LN101743,Female,No,1,Graduate,Yes,7370,0.0,120.0,360.0,1.0,Semiurban,Y,train
LN101744,Male,Yes,2,Graduate,No,7449,0.0,176.0,360.0,1.0,Urban,Y,train
LN101745,Male,Yes,0,Graduate,No,5333,0.0,119.0,360.0,1.0,Rural,Y,train
LN101746,Male,Yes,0,Graduate,No,3914,4367.0,136.0,180.0,0.0,Rural,N,train
LN101747,Female,No,1,Graduate,No,3664,0.0,144.0,36.0,1.0,Semiurban,N,train
LN101748,Male,Yes,3+,Graduate,No,9351,0.0,303.0,360.0,1.0,Rural,Y,train
LN101749,Male,Yes,1,Not Graduate,No,1675,2100.0,119.0,360.0,1.0,Rural,Y,train
LN101750,Male,Yes,3+,Graduate,No,2914,0.0,99.0,360.0,1.0,Urban,Y,train
LN101751,Male,No,0,Graduate,No,2554,1914.0,124.0,360.0,1.0,Rural,Y,train
LN101752,Male,Yes,3+,Graduate,No,3226,1376.0,129.0,360.0,0.0,Semiurban,N,train
LN101753,Female,No,0,Graduate,No,2607,1586.0,85.0,360.0,1.0,Urban,Y,train
LN101754,Female,No,1,Graduate,No,3473,0.0,105.0,360.0,1.0,Semiurban,Y,train
LN101755,Female,No,1,Graduate,No,4032,0.0,95.0,360.0,1.0,Semiurban,Y,train
LN101756,Female,No,0,Graduate,No,4268,1615.0,139.0,360.0,1.0,Rural,Y,train
LN101757,Female,No,0,Graduate,No,2701,1710.0,93.0,360.0,0.0,Urban,N,train
LN101758,Female,Yes,0,Graduate,No,4058,0.0,120.0,360.0,1.0,Rural,N,train
LN101759,Female,No,0,Not Graduate,No,2213,0.0,66.0,360.0,1.0,Rural,Y,train
LN101760,Female,No,0,Graduate,No,4415,0.0,130.0,360.0,1.0,Semiurban,Y,train
LN101761,Male,Yes,0,Not Graduate,No,2068,1155.0,104.0,360.0,1.0,Semiurban,Y,train
LN101762,Male,Yes,0,Not Graduate,No,2021,2713.0,102.0,360.0,0.0,Urban,N,train
LN101763,Male,Yes,0,Graduate,No,5988,4926.0,296.0,360.0,1.0,Semiurban,Y,train
LN101764,Male,Yes,0,Graduate,No,5952,2145.0,235.0,360.0,1.0,Rural,Y,train
LN101765,Male,Yes,0,Graduate,No,4312,935.0,138.0,360.0,1.0,Semiurban,Y,train
LN101766,Male,Yes,0,Graduate,Yes,5818,2160.0,184.0,360.0,1.0,Semiurban,Y,train
LN101767,Male,Yes,0,Graduate,No,2083,3150.0,128.0,360.0,1.0,Semiurban,Y,train
LN101768,Male,Yes,1,Graduate,No,3671,0.0,54.0,240.0,1.0,Urban,Y,train
LN101769,Male,Yes,0,Graduate,No,6547,0.0,142.0,360.0,1.0,Urban,Y,train
LN101770,Male,Yes,2,Not Graduate,No,2897,1721.0,80.0,360.0,1.0,Urban,Y,train
LN101771,Male,Yes,0,Graduate,No,8618,0.0,225.0,360.0,1.0,Semiurban,Y,train
LN101772,Male,Yes,0,Graduate,No,2722,3140.0,101.0,360.0,1.0,Urban,Y,train
LN101773,Male,Yes,3+,Graduate,No,3343,3654.0,189.0,300.0,0.0,Semiurban,N,train
LN101774,Male,Yes,0,Graduate,No,3766,1604.0,121.0,360.0,1.0,Semiurban,Y,train
LN101775,Male,Yes,2,Graduate,No,7457,1742.0,262.0,300.0,1.0,Semiurban,Y,train
LN101776,Male,Yes,0,Graduate,No,21004,0.0,121.0,360.0,1.0,Rural,N,train
LN101777,Male,Yes,0,Graduate,No,2485,2906.0,173.0,360.0,1.0,Semiurban,Y,train
LN101778,Male,Yes,0,Not Graduate,No,7660,0.0,104.0,360.0,0.0,Urban,N,train
LN101779,Male,Yes,3+,Not Graduate,No,2071,754.0,94.0,480.0,1.0,Semiurban,Y,train
LN101780,Female,No,0,Graduate,No,2984,1435.0,97.0,360.0,1.0,Urban,Y,train
LN101781,Female,No,1,Graduate,No,4599,0.0,75.0,360.0,1.0,Semiurban,N,train
LN101782,Male,Yes,0,Graduate,No,3127,3129.0,119.0,360.0,1.0,Semiurban,Y,train
LN101783,Female,No,1,Graduate,Yes,7573,0.0,115.0,360.0,1.0,Semiurban,Y,train
LN101784,Male,Yes,1,Graduate,No,5210,0.0,175.0,360.0,1.0,Rural,Y,train
LN101785,Male,Yes,2,Graduate,Yes,9323,7873.0,380.0,300.0,1.0,Rural,Y,train
LN101786,Male,Yes,2,Graduate,No,6190,0.0,120.0,360.0,1.0,Urban,Y,train
LN101787,Male,Yes,1,Graduate,Yes,3182,1096.0,125.0,360.0,1.0,Rural,Y,train
LN101788,Male,Yes,0,Graduate,No,13213,0.0,137.0,360.0,1.0,Urban,Y,train
LN101789,Male,No,0,Graduate,No,2727,18082.0,90.0,360.0,1.0,Semiurban,Y,train
LN101790,Female,Yes,1,Graduate,No,5330,0.0,132.0,360.0,1.0,Urban,Y,train
LN101791,Male,No,0,Graduate,Yes,6316,0.0,87.0,360.0,1.0,Semiurban,Y,train
LN101792,Male,Yes,0,Not Graduate,No,2454,2333.0,181.0,360.0,0.0,Urban,N,train
LN101793,Male,Yes,2,Graduate,No,3564,0.0,86.0,360.0,1.0,Semiurban,Y,train
LN101794,Male,Yes,2,Graduate,No,5718,0.0,131.0,360.0,1.0,Semiurban,Y,train
LN101795,Male,No,0,Graduate,No,6000,0.0,140.0,360.0,1.0,Rural,Y,train
LN101796,Male,Yes,0,Graduate,No,3620,1831.0,127.0,360.0,1.0,Semiurban,Y,train
LN101797,Male,Yes,3+,Not Graduate,No,2542,1447.0,159.0,360.0,1.0,Rural,N,train
LN101798,Female,Yes,0,Not Graduate,Yes,7142,0.0,138.0,360.0,1.0,Rural,Y,train
LN101799,Female,No,3+,Graduate,No,416,41667.0,350.0,180.0,1.0,Urban,N,train
LN101800,Male,No,0,Graduate,No,7216,0.0,94.0,360.0,0.0,Rural,N,train
LN101801,Male,Yes,0,Graduate,No,5774,2506.0,272.0,360.0,1.0,Semiurban,N,train
LN101802,Male,No,0,Graduate,No,2801,1553.0,162.0,360.0,1.0,Rural,Y,train
LN101803,Male,Yes,3+,Graduate,No,74827,0.0,356.0,360.0,0.0,Rural,N,train
LN101804,Male,Yes,0,Not Graduate,No,1796,3192.0,86.0,360.0,0.0,Urban,N,train
LN101805,Male,Yes,2,Graduate,No,2955,0.0,85.0,360.0,1.0,Semiurban,Y,train
LN101806,Female,No,2,Graduate,No,3231,2294.0,109.0,360.0,1.0,Semiurban,Y,train
LN101807,Male,No,0,Not Graduate,No,7508,0.0,113.0,360.0,1.0,Semiurban,Y,train
LN101808,Male,Yes,0,Graduate,No,1988,1750.0,102.0,360.0,1.0,Urban,Y,train
LN101809,Male,Yes,1,Graduate,No,2066,0.0,60.0,360.0,1.0,Rural,N,train
LN101810,Male,Yes,0,Graduate,No,13897,1992.0,283.0,360.0,1.0,Rural,N,train
LN101811,Male,Yes,1,Not Graduate,No,2501,1477.0,113.0,180.0,0.0,Rural,N,train
LN101812,Male,Yes,1,Graduate,No,6103,0.0,230.0,360.0,1.0,Semiurban,Y,train
LN101813,Female,No,1,Graduate,No,2918,1459.0,88.0,360.0,1.0,Urban,Y,train
LN101814,Male,Yes,1,Graduate,No,6083,4029.0,341.0,360.0,1.0,Urban,Y,train
LN101815,Female,Yes,1,Graduate,Yes,17974,0.0,619.0,360.0,1.0,Semiurban,Y,train
LN101816,Male,Yes,0,Graduate,No,21032,6628.0,415.0,360.0,1.0,Urban,Y,train
LN101817,Female,No,1,Graduate,No,3812,0.0,112.0,360.0,1.0,Rural,Y,train
LN101818,Male,Yes,0,Graduate,No,3345,1132.0,85.0,360.0,1.0,Urban,Y,train
LN101819,Male,Yes,2,Graduate,No,7720,0.0,256.0,360.0,1.0,Semiurban,Y,train
LN101820,Male,Yes,0,Graduate,No,3593,4266.0,132.0,180.0,0.0,Rural,N,train
LN101821,Male,Yes,2,Graduate,No,5928,1690.0,245.0,300.0,1.0,Semiurban,Y,train
LN101822,Male,Yes,0,Graduate,No,6243,4547.0,162.0,360.0,1.0,Semiurban,Y,train
LN101823,Male,No,0,Graduate,Yes,6072,0.0,155.0,180.0,1.0,Semiurban,Y,train
LN101824,Male,Yes,1,Graduate,No,3180,1613.0,139.0,360.0,1.0,Semiurban,Y,train
LN101825,Female,No,2,Graduate,No,3984,1824.0,102.0,360.0,1.0,Semiurban,Y,train
LN101826,Male,No,0,Graduate,No,4851,4032.0,167.0,360.0,1.0,Semiurban,Y,train
LN101827,Male,Yes,0,Graduate,No,8334,0.0,160.0,360.0,1.0,Semiurban,N,train
LN101828,Male,No,0,Not Graduate,No,2728,0.0,68.0,300.0,1.0,Rural,N,train
LN101829,Male,Yes,0,Graduate,Yes,2330,4349.0,168.0,360.0,1.0,Semiurban,Y,train
LN101830,Male,Yes,1,Not Graduate,No,2764,1618.0,130.0,180.0,0.0,Rural,N,train
LN101831,Male,Yes,0,Graduate,No,3005,2060.0,147.0,360.0,1.0,Rural,Y,train
LN101832,Male,Yes,2,Not Graduate,No,4334,1595.0,139.0,360.0,1.0,Rural,N,train
LN101833,Male,Yes,1,Graduate,No,7331,1726.0,110.0,360.0,0.0,Urban,N,train
LN101834,Male,Yes,3+,Graduate,No,3624,3571.0,167.0,360.0,1.0,Rural,Y,train
LN101835,Male,Yes,1,Graduate,No,2248,2850.0,111.0,360.0,1.0,Urban,N,train
LN101836,Female,Yes,0,Graduate,No,3461,2737.0,117.0,360.0,1.0,Semiurban,Y,train
LN101837,Male,No,0,Not Graduate,No,6251,0.0,126.0,360.0,0.0,Rural,N,train
LN101838,Male,Yes,2,Graduate,Yes,6360,0.0,137.0,84.0,1.0,Rural,Y,train
LN101839,Female,No,0,Graduate,No,6399,0.0,125.0,360.0,1.0,Rural,Y,train
LN101840,Male,Yes,1,Graduate,No,1659,2201.0,92.0,360.0,1.0,Rural,Y,train
LN101841,Male,Yes,0,Graduate,No,3808,0.0,118.0,360.0,1.0,Semiurban,Y,train
LN101842,Male,Yes,0,Graduate,No,5708,5625.0,187.0,360.0,1.0,Semiurban,Y,train
LN101843,Male,Yes,2,Graduate,No,3008,2142.0,135.0,360.0,1.0,Urban,Y,train
LN101844,Male,No,0,Graduate,No,2648,1661.0,153.0,360.0,1.0,Rural,Y,train
LN101845,Male,Yes,1,Graduate,No,2591,1925.0,147.0,360.0,0.0,Rural,N,train
LN101846,Male,No,0,Graduate,No,5474,0.0,160.0,360.0,1.0,Urban,Y,train
LN101847,Male,Yes,1,Graduate,No,2491,1848.0,157.0,360.0,0.0,Rural,N,train
LN101848,Male,No,0,Not Graduate,No,5634,0.0,105.0,360.0,0.0,Rural,N,train
LN101849,Male,Yes,0,Graduate,No,2284,3699.0,136.0,360.0,1.0,Rural,Y,train
LN101850,Male,Yes,2,Graduate,No,11648,966.0,217.0,360.0,1.0,Urban,Y,train
LN101851,Male,Yes,1,Graduate,No,4665,668.0,168.0,360.0,1.0,Rural,Y,train
LN101852,Male,Yes,1,Not Graduate,No,2473,1278.0,121.0,180.0,0.0,Rural,N,train
LN101853,Male,Yes,0,Not Graduate,No,3256,1505.0,111.0,480.0,0.0,Urban,N,train
LN101854,Male,Yes,1,Graduate,No,8072,240.0,253.0,360.0,1.0,Urban,Y,train
LN101855,Female,No,0,Graduate,No,3360,0.0,71.0,360.0,0.0,Urban,N,train
LN101856,Male,Yes,1,Graduate,No,6081,1837.0,228.0,360.0,1.0,Semiurban,Y,train
LN101857,Male,Yes,2,Not Graduate,No,2560,1401.0,123.0,360.0,0.0,Rural,N,train
LN101858,Male,Yes,0,Graduate,No,3641,2685.0,121.0,360.0,1.0,Semiurban,Y,train
LN101859,Male,Yes,2,Graduate,No,8214,2815.0,172.0,360.0,1.0,Rural,Y,train
LN101860,Male,Yes,0,Graduate,No,2719,3552.0,170.0,360.0,1.0,Semiurban,Y,train
LN101861,Male,Yes,0,Graduate,Yes,3511,0.0,23.0,120.0,1.0,Semiurban,Y,train
LN101862,Male,Yes,0,Graduate,No,10103,0.0,251.0,360.0,1.0,Semiurban,Y,train
LN101863,Male,Yes,0,Graduate,No,2436,1358.0,88.0,360.0,1.0,Semiurban,Y,train
LN101864,Male,Yes,3+,Graduate,No,5450,0.0,101.0,360.0,1.0,Urban,N,train
LN101865,Female,Yes,1,Graduate,No,5136,0.0,141.0,360.0,1.0,Urban,Y,train
LN101866,Male,Yes,0,Graduate,No,3111,2021.0,105.0,360.0,1.0,Semiurban,Y,train
LN101867,Male,Yes,2,Graduate,No,3117,1531.0,166.0,360.0,0.0,Rural,N,train
LN101868,Male,Yes,1,Graduate,No,12524,10339.0,335.0,360.0,1.0,Semiurban,N,train
LN101869,Male,No,0,Graduate,No,2500,0.0,55.0,360.0,1.0,Semiurban,Y,train
LN101870,Male,Yes,0,Graduate,No,2434,3406.0,125.0,360.0,1.0,Urban,Y,train
LN101871,Male,No,0,Graduate,No,5334,0.0,113.0,360.0,1.0,Semiurban,Y,train
LN101872,Female,Yes,0,Graduate,No,2943,2981.0,103.0,360.0,1.0,Semiurban,Y,train
LN101873,Male,No,2,Graduate,No,4729,4391.0,147.0,360.0,1.0,Rural,Y,train
LN101874,Male,Yes,1,Graduate,No,5892,0.0,179.0,360.0,1.0,Rural,Y,train
LN101875,Female,No,0,Graduate,No,3747,2375.0,144.0,360.0,1.0,Semiurban,Y,train
LN101876,Male,Yes,0,Graduate,No,2467,2243.0,114.0,360.0,1.0,Rural,Y,train
LN101877,Male,Yes,0,Graduate,No,6431,0.0,127.0,360.0,1.0,Rural,Y,train
LN101878,Male,Yes,1,Graduate,No,8300,0.0,152.0,300.0,0.0,Semiurban,N,train
LN101879,Male,Yes,0,Not Graduate,No,2253,2033.0,110.0,360.0,1.0,Rural,Y,train
LN101880,Male,Yes,0,Graduate,No,3716,0.0,42.0,180.0,1.0,Rural,Y,train
LN101881,Male,No,0,Graduate,No,5093,3838.0,284.0,360.0,1.0,Semiurban,Y,train
LN101882,Male,Yes,1,Graduate,No,4166,3369.0,201.0,360.0,1.0,Urban,N,train
LN101883,Female,No,0,Not Graduate,Yes,18165,0.0,125.0,360.0,1.0,Urban,Y,train
LN101884,Male,Yes,0,Graduate,No,2464,0.0,67.0,360.0,0.0,Urban,N,train
LN101885,Male,No,3+,Not Graduate,No,4707,1993.0,148.0,360.0,1.0,Semiurban,Y,train
LN101886,Male,Yes,0,Graduate,No,8116,929.0,156.0,360.0,1.0,Semiurban,Y,train
LN101887,Male,No,0,Graduate,No,5002,0.0,108.0,360.0,1.0,Semiurban,Y,train
LN101888,Male,Yes,0,Graduate,No,4845,2297.0,171.0,360.0,1.0,Rural,N,train
LN101889,Male,No,0,Graduate,No,3743,0.0,99.0,480.0,1.0,Urban,N,train
LN101890,Male,Yes,1,Graduate,Yes,10565,1882.0,176.0,180.0,1.0,Urban,Y,train
LN101891,Female,No,0,Graduate,No,3989,1703.0,142.0,360.0,1.0,Rural,Y,train
LN101892,Male,Yes,0,Not Graduate,No,2917,536.0,66.0,360.0,1.0,Rural,N,train
LN101893,Male,No,0,Graduate,No,5642,4328.0,327.0,360.0,1.0,Semiurban,Y,train
LN101894,Male,Yes,0,Graduate,No,1605,1242.0,110.0,360.0,0.0,Urban,N,train
LN101895,Male,Yes,1,Graduate,No,2766,1047.0,87.0,360.0,1.0,Urban,Y,train
LN101896,Male,Yes,2,Graduate,No,5412,3471.0,264.0,360.0,1.0,Semiurban,Y,train
LN101897,Female,No,0,Graduate,No,3086,0.0,120.0,360.0,1.0,Semiurban,Y,train
LN101898,Male,No,0,Not Graduate,No,2550,2042.0,126.0,360.0,1.0,Rural,Y,train
LN101899,Male,Yes,1,Graduate,No,3033,2775.0,182.0,360.0,1.0,Semiurban,Y,train
LN101900,Female,Yes,1,Graduate,No,5139,0.0,133.0,360.0,1.0,Urban,Y,train
LN101901,Male,Yes,3+,Graduate,No,3669,8424.0,291.0,360.0,1.0,Semiurban,N,train
LN101902,Female,No,0,Graduate,No,10432,0.0,282.0,360.0,1.0,Urban,Y,train
LN101903,Female,No,0,Graduate,No,4166,0.0,116.0,360.0,0.0,Semiurban,N,train
LN101904,Female,No,0,Graduate,No,4930,0.0,126.0,360.0,0.0,Semiurban,N,train
LN101905,Male,Yes,2,Graduate,No,5094,0.0,143.0,360.0,1.0,Semiurban,Y,train
LN101906,Male,No,0,Not Graduate,No,3190,2759.0,121.0,360.0,1.0,Rural,Y,train
LN101907,Male,Yes,3+,Not Graduate,No,3855,0.0,117.0,180.0,1.0,Urban,N,train
LN101908,Male,No,0,Graduate,No,3670,2242.0,145.0,360.0,1.0,Rural,Y,train
LN101909,Male,No,0,Graduate,No,7116,0.0,106.0,360.0,0.0,Rural,N,train
LN101910,Male,Yes,1,Graduate,No,5149,4837.0,286.0,360.0,1.0,Urban,Y,train
LN101911,Male,No,0,Graduate,No,7052,0.0,97.0,360.0,0.0,Rural,N,train
LN101912,Male,No,0,Graduate,No,1767,3110.0,116.0,360.0,1.0,Rural,N,train
LN101913,Female,No,1,Graduate,No,3557,0.0,97.0,360.0,1.0,Semiurban,Y,train
LN101914,Female,No,0,Graduate,No,3856,0.0,86.0,360.0,0.0,Urban,N,train
LN101915,Female,No,0,Graduate,No,3244,0.0,80.0,360.0,1.0,Urban,Y,train
LN101916,Female,No,1,Graduate,No,3302,1597.0,81.0,360.0,1.0,Urban,Y,train
LN101917,Male,Yes,1,Graduate,No,2491,2054.0,104.0,360.0,1.0,Semiurban,Y,train
LN101918,Male,Yes,1,Not Graduate,No,4539,1233.0,154.0,360.0,1.0,Urban,Y,train
LN101919,Male,Yes,0,Graduate,No,2585,2260.0,78.0,180.0,0.0,Rural,Y,train
LN101920,Female,No,0,Graduate,No,2907,1642.0,102.0,360.0,1.0,Urban,Y,train
LN101921,Male,No,0,Graduate,No,2554,0.0,67.0,360.0,1.0,Urban,Y,train
LN101922,Male,Yes,1,Graduate,No,36121,0.0,291.0,360.0,1.0,Semiurban,N,train
LN101923,Male,Yes,0,Graduate,No,60346,0.0,439.0,180.0,1.0,Urban,Y,train
LN101924,Male,Yes,0,Graduate,No,4002,1960.0,110.0,360.0,0.0,Rural,N,train
LN101925,Male,Yes,0,Graduate,No,4857,2461.0,119.0,360.0,1.0,Urban,Y,train
LN101926,Male,Yes,0,Not Graduate,No,6081,0.0,154.0,360.0,1.0,Urban,N,train
LN101927,Female,No,0,Graduate,No,10000,1666.0,225.0,360.0,1.0,Rural,N,train
LN101928,Male,Yes,0,Not Graduate,No,3990,4049.0,139.0,360.0,0.0,Rural,N,train
LN101929,Male,Yes,2,Graduate,Yes,6366,0.0,151.0,84.0,1.0,Rural,Y,train
LN101930,Male,Yes,0,Graduate,No,2464,3149.0,159.0,360.0,1.0,Semiurban,Y,train
LN101931,Male,Yes,2,Graduate,No,3104,1132.0,103.0,360.0,1.0,Semiurban,Y,train
LN101932,Male,Yes,3+,Graduate,No,52818,0.0,655.0,300.0,1.0,Urban,Y,train
LN101933,Male,No,0,Graduate,No,5711,0.0,134.0,360.0,1.0,Rural,Y,train
LN101934,Female,No,0,Graduate,No,8563,0.0,241.0,360.0,1.0,Semiurban,Y,train
LN101935,Female,Yes,1,Graduate,Yes,17989,0.0,670.0,360.0,1.0,Semiurban,Y,train
LN101936,Male,Yes,0,Graduate,No,14583,0.0,436.0,360.0,1.0,Semiurban,Y,train
LN101937,Male,No,0,Graduate,No,3158,3053.0,89.0,360.0,1.0,Rural,Y,train
LN101938,Male,Yes,2,Not Graduate,No,6609,0.0,161.0,360.0,1.0,Rural,Y,train
LN101939,Male,Yes,0,Graduate,No,3213,1349.0,143.0,360.0,1.0,Semiurban,Y,train
LN101940,Male,Yes,0,Graduate,No,1578,3177.0,114.0,360.0,1.0,Semiurban,Y,train
LN101941,Male,Yes,3+,Graduate,No,44359,0.0,618.0,300.0,1.0,Urban,Y,train
LN101942,Male,Yes,0,Not Graduate,No,5915,0.0,142.0,360.0,1.0,Urban,N,train
LN101943,Male,Yes,0,Not Graduate,No,1820,1769.0,95.0,360.0,1.0,Rural,Y,train
LN101944,Female,No,0,Graduate,No,5118,0.0,124.0,360.0,1.0,Rural,Y,train
LN101945,Female,Yes,0,Graduate,No,4513,0.0,119.0,360.0,1.0,Rural,N,train
LN101946,Male,Yes,1,Graduate,No,4104,0.0,46.0,240.0,1.0,Urban,Y,train
LN101947,Male,Yes,0,Graduate,No,3294,1974.0,98.0,360.0,1.0,Rural,Y,train
LN101948,Male,No,0,Graduate,No,3336,0.0,107.0,480.0,1.0,Urban,N,train
LN101949,Male,Yes,1,Graduate,No,1646,2473.0,112.0,360.0,1.0,Rural,Y,train
LN101950,Male,Yes,1,Graduate,No,11596,0.0,283.0,360.0,1.0,Urban,Y,train
LN101951,Male,Yes,0,Graduate,No,12995,0.0,99.0,360.0,1.0,Semiurban,Y,train
LN101952,Male,Yes,0,Not Graduate,No,2523,1875.0,111.0,360.0,1.0,Rural,Y,train
LN101953,Male,Yes,0,Graduate,No,13650,0.0,128.0,360.0,1.0,Urban,Y,train
LN101954,Male,Yes,1,Graduate,Yes,2895,0.0,95.0,360.0,1.0,Semiurban,Y,train
LN101955,Male,Yes,2,Not Graduate,No,1993,1625.0,113.0,180.0,1.0,Semiurban,Y,train
LN101956,Male,Yes,1,Graduate,No,13121,0.0,190.0,180.0,1.0,Rural,Y,train
LN101957,Male,No,0,Graduate,No,3299,0.0,85.0,300.0,1.0,Semiurban,Y,train
LN101958,Male,No,0,Graduate,No,3416,0.0,120.0,360.0,1.0,Semiurban,N,train
LN101959,Male,No,0,Graduate,No,4545,2187.0,169.0,360.0,1.0,Semiurban,N,train
LN101960,Male,Yes,2,Not Graduate,No,3792,210.0,94.0,360.0,1.0,Semiurban,Y,train
LN101961,Male,Yes,0,Not Graduate,Yes,4587,0.0,104.0,360.0,1.0,Urban,Y,train
LN101962,Male,Yes,0,Graduate,No,4467,0.0,66.0,180.0,1.0,Semiurban,Y,train
LN101963,Female,No,0,Graduate,No,1664,1484.0,62.0,360.0,1.0,Urban,Y,train
LN101964,Male,No,0,Graduate,No,3820,0.0,121.0,360.0,1.0,Semiurban,N,train
LN101965,Male,Yes,1,Not Graduate,No,2230,2041.0,135.0,360.0,1.0,Rural,Y,train
LN101966,Male,Yes,1,Not Graduate,No,4091,5911.0,130.0,360.0,1.0,Rural,N,train
LN101967,Male,Yes,3+,Not Graduate,No,3290,1429.0,66.0,180.0,0.0,Urban,N,train
LN101968,Male,No,0,Graduate,No,2731,5788.0,148.0,60.0,1.0,Urban,Y,train
LN101969,Male,Yes,2,Graduate,Yes,16685,0.0,459.0,360.0,1.0,Rural,Y,train
LN101970,Male,No,2,Graduate,No,4667,0.0,145.0,360.0,1.0,Rural,Y,train
LN101971,Male,No,0,Graduate,No,2507,1984.0,111.0,360.0,1.0,Rural,Y,train
LN101972,Female,No,3+,Graduate,No,373,38473.0,305.0,180.0,1.0,Urban,N,train
LN101973,Male,Yes,1,Graduate,No,10493,0.0,346.0,360.0,1.0,Urban,Y,train
LN101974,Male,Yes,0,Not Graduate,Yes,3737,839.0,95.0,360.0,1.0,Semiurban,N,train
LN101975,Male,Yes,0,Graduate,No,2333,1003.0,127.0,360.0,1.0,Urban,Y,train
LN101976,Male,No,1,Graduate,No,4478,1634.0,134.0,360.0,1.0,Urban,Y,train
LN101977,Male,No,0,Graduate,No,5124,0.0,124.0,360.0,0.0,Rural,N,train
LN101978,Male,Yes,0,Graduate,No,17738,5979.0,485.0,360.0,1.0,Rural,N,train
LN101979,Male,No,0,Not Graduate,No,6284,0.0,124.0,360.0,1.0,Rural,N,train
LN101980,Male,Yes,2,Not Graduate,No,7667,0.0,185.0,360.0,1.0,Rural,Y,train
LN101981,Male,No,0,Not Graduate,No,5772,0.0,126.0,360.0,1.0,Rural,N,train
LN101982,Female,No,0,Graduate,No,5000,2541.0,151.0,480.0,1.0,Rural,N,train
LN101983,Male,Yes,1,Graduate,No,4757,1416.0,147.0,360.0,1.0,Rural,N,train
LN101984,Male,Yes,0,Graduate,No,2606,4314.0,126.0,360.0,1.0,Rural,Y,train
LN101985,Male,No,0,Graduate,No,5384,3735.0,294.0,360.0,1.0,Semiurban,Y,train
LN101986,Male,Yes,0,Graduate,No,3855,4285.0,129.0,180.0,0.0,Rural,N,train
LN101987,Male,Yes,2,Graduate,No,16556,0.0,254.0,360.0,1.0,Urban,Y,train
LN101988,Male,Yes,1,Graduate,No,3377,2638.0,139.0,360.0,1.0,Semiurban,N,train
LN101989,Male,Yes,2,Not Graduate,No,1746,1517.0,69.0,300.0,1.0,Urban,Y,train
LN101990,Male,Yes,0,Not Graduate,No,2875,1750.0,105.0,360.0,1.0,Semiurban,Y,train
LN101991,Male,Yes,0,Graduate,No,5087,2075.0,112.0,360.0,1.0,Urban,Y,train
LN101992,Male,No,0,Graduate,No,2643,2699.0,132.0,360.0,1.0,Semiurban,Y,train
LN101993,Male,Yes,2,Graduate,No,14221,0.0,296.0,360.0,1.0,Urban,Y,train
LN101994,Female,No,0,Graduate,No,10863,0.0,243.0,360.0,1.0,Semiurban,N,train
LN101995,Male,No,0,Graduate,Yes,5877,0.0,225.0,360.0,1.0,Rural,Y,train
LN101996,Male,Yes,0,Graduate,No,1987,1811.0,87.0,360.0,1.0,Urban,Y,train
LN101997,Male,No,0,Graduate,No,5949,0.0,137.0,360.0,1.0,Urban,Y,train
LN101998,Female,Yes,0,Graduate,No,2942,2470.0,135.0,360.0,1.0,Semiurban,Y,train
LN101999,Male,Yes,0,Graduate,No,13257,0.0,423.0,360.0,1.0,Semiurban,Y,train
LN102000,Male,Yes,0,Graduate,No,16536,2407.0,301.0,360.0,1.0,Rural,N,train
LN102001,Male,No,0,Graduate,No,2842,2052.0,110.0,360.0,1.0,Rural,Y,train
LN102002,Male,Yes,2,Graduate,No,2045,1619.0,101.0,360.0,1.0,Rural,Y,train
LN102003,Male,Yes,0,Graduate,No,5116,1451.0,165.0,360.0,0.0,Urban,N,train
LN102004,Male,Yes,2,Not Graduate,No,3672,213.0,110.0,360.0,1.0,Semiurban,Y,train
LN102005,Male,Yes,0,Graduate,No,5515,2113.0,237.0,360.0,1.0,Semiurban,N,train
LN102006,Male,No,0,Graduate,Yes,7537,0.0,86.0,360.0,1.0,Semiurban,Y,train
LN102007,Male,No,0,Graduate,No,4313,1875.0,139.0,360.0,1.0,Semiurban,N,train
LN102008,Female,No,0,Graduate,No,4764,2674.0,159.0,480.0,1.0,Rural,N,train
LN102009,Male,Yes,3+,Graduate,No,3466,3428.0,150.0,360.0,1.0,Rural,Y,train
LN102010,Male,Yes,0,Graduate,No,3075,2416.0,139.0,360.0,1.0,Rural,Y,train
LN102011,Male,Yes,0,Graduate,No,4758,0.0,158.0,480.0,1.0,Semiurban,Y,train
LN102012,Male,Yes,3+,Graduate,No,9504,0.0,275.0,360.0,1.0,Rural,Y,train
LN102013,Male,Yes,2,Not Graduate,No,2861,1651.0,85.0,360.0,1.0,Urban,Y,train
LN102014,Male,Yes,3+,Graduate,No,3855,1170.0,132.0,360.0,0.0,Semiurban,N,train
LN102015,Female,No,0,Graduate,No,2822,0.0,108.0,360.0,1.0,Semiurban,Y,train
LN102016,Male,No,0,Graduate,No,4762,0.0,99.0,360.0,1.0,Semiurban,Y,train
LN102017,Male,Yes,2,Graduate,Yes,17410,0.0,408.0,360.0,1.0,Rural,Y,train
LN102018,Male,Yes,0,Graduate,No,7169,868.0,151.0,360.0,1.0,Semiurban,Y,train
LN102019,Female,No,0,Graduate,No,3159,0.0,100.0,360.0,1.0,Semiurban,Y,train
LN102020,Female,No,0,Graduate,No,3393,0.0,105.0,360.0,1.0,Semiurban,Y,train
LN102021,Male,Yes,0,Graduate,No,4987,4408.0,270.0,360.0,1.0,Semiurban,N,train
LN102022,Female,No,0,Graduate,No,11751,0.0,271.0,360.0,1.0,Urban,Y,train
LN102023,Male,Yes,1,Graduate,No,4053,3380.0,163.0,84.0,1.0,Rural,N,train
LN102024,Male,Yes,2,Graduate,No,2425,922.0,68.0,180.0,1.0,Urban,Y,train
LN102025,Male,Yes,1,Graduate,No,15156,0.0,181.0,180.0,1.0,Rural,Y,train
LN102026,Male,No,0,Graduate,No,3524,3394.0,165.0,360.0,1.0,Rural,Y,train
LN102027,Female,No,0,Graduate,No,2752,0.0,65.0,360.0,1.0,Urban,Y,train
LN102028,Male,Yes,0,Graduate,No,4974,0.0,66.0,180.0,1.0,Semiurban,Y,train
LN102029,Female,No,1,Graduate,Yes,7400,0.0,136.0,360.0,1.0,Semiurban,Y,train
LN102030,Male,No,0,Not Graduate,No,2784,2071.0,113.0,360.0,1.0,Rural,Y,train
LN102031,Male,No,0,Graduate,No,2965,5701.0,155.0,60.0,1.0,Urban,Y,train
LN102032,Male,Yes,0,Not Graduate,No,5015,0.0,127.0,360.0,1.0,Rural,Y,train
LN102033,Male,Yes,1,Graduate,No,2015,3076.0,101.0,360.0,1.0,Urban,N,train
LN102034,Female,Yes,2,Graduate,No,14866,0.0,70.0,360.0,1.0,Urban,Y,train
LN102035,Male,No,0,Not Graduate,No,6462,0.0,134.0,360.0,1.0,Rural,N,train
LN102036,Female,No,0,Graduate,No,2763,1451.0,80.0,360.0,1.0,Urban,Y,train
LN102037,Male,Yes,2,Not Graduate,No,5243,1827.0,174.0,480.0,1.0,Semiurban,N,train
LN102038,Female,Yes,1,Graduate,Yes,20721,0.0,647.0,360.0,1.0,Semiurban,Y,train
LN102039,Male,Yes,3+,Graduate,No,24081,0.0,351.0,360.0,1.0,Rural,Y,train
LN102040,Male,Yes,0,Graduate,No,2834,2182.0,160.0,360.0,1.0,Semiurban,Y,train
LN102041,Male,No,0,Graduate,No,5396,0.0,131.0,360.0,1.0,Semiurban,Y,train
LN102042,Male,Yes,2,Graduate,No,3331,0.0,85.0,360.0,1.0,Semiurban,Y,train
LN102043,Male,Yes,0,Graduate,No,20726,4698.0,571.0,360.0,1.0,Rural,N,train
LN102044,Female,No,0,Graduate,No,9416,0.0,236.0,360.0,1.0,Semiurban,N,train
LN102045,Female,No,0,Not Graduate,No,3396,0.0,98.0,360.0,1.0,Rural,N,train
LN102046,Male,Yes,0,Graduate,No,2625,6250.0,187.0,360.0,1.0,Rural,Y,train
LN102047,Male,No,0,Not Graduate,No,3408,2222.0,131.0,180.0,0.0,Urban,N,train
LN102048,Male,Yes,2,Graduate,No,4441,0.0,124.0,360.0,0.0,Semiurban,N,train
LN102049,Male,Yes,0,Graduate,Yes,2404,4221.0,129.0,360.0,1.0,Rural,Y,train
LN102050,Male,No,1,Graduate,No,4079,1984.0,107.0,360.0,1.0,Urban,Y,train
LN102051,Male,Yes,0,Not Graduate,No,5970,0.0,151.0,360.0,1.0,Urban,N,train
LN102052,Male,Yes,1,Graduate,Yes,2622,0.0,140.0,360.0,1.0,Semiurban,Y,train
LN102053,Male,Yes,0,Graduate,No,4856,2693.0,115.0,360.0,1.0,Urban,N,train
LN102054,Female,Yes,0,Graduate,No,3216,1611.0,125.0,360.0,1.0,Semiurban,Y,train
LN102055,Male,Yes,0,Not Graduate,No,2551,2017.0,125.0,360.0,0.0,Semiurban,N,train
LN102056,Female,No,0,Graduate,No,11942,0.0,267.0,360.0,1.0,Urban,Y,train
LN102057,Female,Yes,0,Graduate,No,3223,2250.0,146.0,360.0,1.0,Semiurban,Y,train
LN102058,Male,Yes,2,Graduate,No,19026,0.0,276.0,360.0,1.0,Urban,Y,train
LN102059,Male,Yes,0,Graduate,No,5923,2054.0,211.0,360.0,1.0,Rural,Y,train
LN102060,Male,Yes,3+,Graduate,No,3432,8114.0,323.0,360.0,1.0,Semiurban,N,train
LN102061,Female,No,1,Graduate,Yes,8552,0.0,166.0,360.0,1.0,Semiurban,Y,train
LN102062,Male,Yes,1,Not Graduate,No,5185,1592.0,168.0,360.0,0.0,Semiurban,Y,train
LN102063,Male,Yes,1,Graduate,No,1819,0.0,68.0,360.0,1.0,Rural,N,train
LN102064,Male,Yes,0,Graduate,No,5137,2844.0,115.0,12.0,1.0,Urban,Y,train
LN102065,Male,No,0,Graduate,No,2842,2176.0,129.0,360.0,1.0,Rural,Y,train
LN102066,Male,Yes,3+,Graduate,No,81000,0.0,360.0,360.0,0.0,Rural,N,train
LN102067,Male,No,0,Not Graduate,No,3071,2317.0,115.0,360.0,1.0,Semiurban,Y,train
LN102068,Female,No,0,Graduate,No,5740,2696.0,172.0,480.0,1.0,Rural,N,train
LN102069,Male,Yes,1,Graduate,No,2596,2119.0,129.0,360.0,0.0,Rural,N,train
LN102070,Male,Yes,2,Graduate,No,3474,2061.0,156.0,360.0,1.0,Urban,Y,train
LN102071,Male,Yes,0,Graduate,No,2363,5462.0,196.0,360.0,1.0,Rural,Y,train
LN102072,Male,Yes,3+,Graduate,No,3029,0.0,99.0,360.0,1.0,Urban,Y,train
LN102073,Male,Yes,0,Graduate,No,3993,3274.0,207.0,360.0,1.0,Semiurban,Y,train
LN102074,Male,Yes,2,Graduate,No,5000,3667.0,236.0,360.0,1.0,Semiurban,Y,train
LN102075,Male,Yes,1,Not Graduate,No,4636,1351.0,178.0,360.0,0.0,Semiurban,Y,train
LN102076,Male,Yes,0,Graduate,No,3323,0.0,109.0,360.0,1.0,Semiurban,Y,train
LN102077,Male,Yes,3+,Not Graduate,Yes,3256,2319.0,121.0,360.0,1.0,Semiurban,Y,train
LN102078,Male,Yes,2,Graduate,No,10690,1229.0,225.0,360.0,1.0,Urban,Y,train
LN102079,Male,No,1,Not Graduate,Yes,2516,1706.0,174.0,360.0,1.0,Semiurban,N,train
LN102080,Male,Yes,0,Graduate,No,2620,2223.0,150.0,360.0,1.0,Semiurban,Y,train
LN102081,Male,Yes,0,Graduate,Yes,1803,4000.0,144.0,360.0,1.0,Semiurban,Y,train
LN102082,Female,No,1,Graduate,No,3516,0.0,123.0,360.0,1.0,Rural,Y,train
LN102083,Male,No,0,Graduate,No,3027,2667.0,144.0,360.0,1.0,Semiurban,Y,train
LN102084,Female,No,0,Graduate,No,4732,2628.0,139.0,480.0,1.0,Rural,N,train
LN102085,Female,No,0,Graduate,No,4005,0.0,83.0,360.0,0.0,Urban,N,train
LN102086,Male,Yes,1,Not Graduate,No,3676,1821.0,106.0,180.0,1.0,Urban,Y,train
LN102087,Male,Yes,2,Not Graduate,No,6015,1770.0,185.0,480.0,1.0,Semiurban,N,train
LN102088,Female,No,0,Graduate,No,8333,0.0,280.0,360.0,1.0,Semiurban,Y,train
LN102089,Female,No,0,Graduate,No,3689,0.0,136.0,360.0,0.0,Semiurban,N,train
LN102090,Male,Yes,0,Graduate,Yes,2228,3965.0,150.0,360.0,1.0,Rural,Y,train
LN102091,Male,Yes,2,Graduate,No,8184,0.0,213.0,360.0,1.0,Urban,Y,train
LN102092,Male,Yes,0,Not Graduate,No,2324,2007.0,135.0,360.0,1.0,Urban,Y,train
LN102093,Male,No,0,Graduate,No,2141,1689.0,47.0,360.0,1.0,Semiurban,Y,train
LN102094,Male,Yes,0,Graduate,No,5084,1365.0,167.0,360.0,0.0,Urban,N,train
LN102095,Male,Yes,1,Graduate,No,3675,3101.0,157.0,360.0,1.0,Semiurban,N,train
LN102096,Female,Yes,0,Graduate,No,3347,2335.0,152.0,360.0,1.0,Semiurban,Y,train
LN102097,Male,No,0,Not Graduate,No,2927,2405.0,111.0,360.0,1.0,Semiurban,Y,train
LN102098,Male,Yes,2,Not Graduate,No,4288,3263.0,133.0,180.0,1.0,Urban,Y,train
LN102099,Male,No,0,Graduate,No,3159,0.0,71.0,360.0,1.0,Urban,N,train
LN102100,Male,Yes,2,Graduate,No,5935,0.0,133.0,360.0,1.0,Semiurban,Y,train
LN102101,Female,No,0,Not Graduate,No,2250,0.0,73.0,360.0,1.0,Rural,Y,train
LN102102,Male,No,1,Not Graduate,No,2552,1186.0,91.0,360.0,1.0,Semiurban,Y,train
LN102103,Male,Yes,2,Graduate,No,5194,0.0,90.0,360.0,1.0,Urban,N,train
LN102104,Male,Yes,3+,Graduate,No,3000,4081.0,171.0,300.0,0.0,Semiurban,N,train
LN102105,Male,Yes,0,Not Graduate,No,2830,3057.0,150.0,360.0,1.0,Rural,Y,train
LN102106,Female,No,0,Graduate,No,3367,0.0,89.0,360.0,1.0,Urban,Y,train
LN102107,Female,No,0,Graduate,No,4169,0.0,112.0,360.0,0.0,Semiurban,N,train
LN102108,Female,No,0,Not Graduate,No,3781,0.0,101.0,360.0,1.0,Rural,N,train
LN102109,Male,Yes,0,Graduate,No,19730,5266.0,570.0,360.0,1.0,Rural,N,train
LN102110,Male,No,0,Graduate,No,5225,1810.0,133.0,360.0,1.0,Semiurban,N,train
LN102111,Male,Yes,1,Graduate,No,3193,2166.0,129.0,360.0,0.0,Rural,N,train
LN102112,Male,Yes,2,Graduate,No,2708,1167.0,97.0,360.0,1.0,Semiurban,Y,train
LN102113,Female,Yes,0,Graduate,No,3315,2489.0,160.0,360.0,1.0,Semiurban,Y,train
LN102114,Male,Yes,3+,Not Graduate,Yes,5628,0.0,115.0,360.0,1.0,Rural,Y,train
LN102115,Male,No,0,Graduate,No,3616,3839.0,171.0,360.0,1.0,Rural,Y,train
LN102116,Male,No,0,Graduate,No,2895,3030.0,77.0,360.0,1.0,Rural,Y,train
LN102117,Female,Yes,1,Graduate,Yes,21864,0.0,642.0,360.0,1.0,Semiurban,Y,train
LN102118,Male,Yes,0,Not Graduate,No,5881,0.0,158.0,360.0,1.0,Urban,N,train
LN102119,Male,Yes,0,Graduate,No,5934,2564.0,190.0,360.0,1.0,Rural,N,train
LN102120,Male,Yes,0,Graduate,No,2216,1494.0,103.0,360.0,1.0,Semiurban,Y,train
LN102121,Male,No,0,Graduate,Yes,6050,4333.0,120.0,180.0,1.0,Urban,N,train
LN102122,Female,Yes,0,Not Graduate,Yes,7330,0.0,152.0,360.0,1.0,Rural,Y,train
LN102123,Male,Yes,1,Graduate,No,2451,1762.0,99.0,360.0,1.0,Semiurban,Y,train
LN102124,Female,No,2,Graduate,No,3114,0.0,124.0,360.0,1.0,Urban,N,train
LN102125,Female,No,0,Not Graduate,No,4408,0.0,120.0,360.0,1.0,Semiurban,Y,train
LN102126,Male,No,1,Graduate,Yes,5135,0.0,106.0,360.0,1.0,Rural,N,train
LN102127,Male,No,0,Graduate,No,3374,4082.0,166.0,360.0,1.0,Rural,Y,train
LN102128,Male,Yes,1,Graduate,No,6528,1825.0,101.0,360.0,0.0,Urban,N,train
LN102129,Male,Yes,2,Graduate,No,3419,9018.0,194.0,360.0,1.0,Urban,Y,train
LN102130,Male,No,0,Not Graduate,No,3748,1668.0,110.0,360.0,1.0,Semiurban,Y,train
LN102131,Male,Yes,0,Graduate,No,3246,1417.0,138.0,360.0,1.0,Semiurban,Y,train
LN102132,Male,Yes,2,Not Graduate,No,2080,1346.0,67.0,300.0,1.0,Urban,Y,train
LN102133,Male,Yes,2,Graduate,No,8736,0.0,126.0,360.0,1.0,Urban,Y,train
LN102134,Male,Yes,3+,Graduate,No,9288,4307.0,140.0,360.0,1.0,Rural,Y,train
LN102135,Male,No,0,Graduate,No,4024,0.0,137.0,360.0,1.0,Semiurban,Y,train
LN102136,Male,No,0,Graduate,No,4166,7210.0,184.0,360.0,1.0,Urban,Y,train
LN102137,Male,Yes,1,Not Graduate,No,2419,2895.0,140.0,360.0,1.0,Urban,Y,train
LN102138,Male,Yes,0,Not Graduate,Yes,4920,0.0,104.0,360.0,1.0,Urban,Y,train
LN102139,Male,Yes,2,Graduate,Yes,19246,0.0,443.0,360.0,1.0,Rural,Y,train
LN102140,Male,No,0,Not Graduate,No,2596,1791.0,116.0,360.0,1.0,Rural,Y,train
LN102141,Male,No,3+,Not Graduate,No,5052,1858.0,153.0,360.0,1.0,Semiurban,Y,train
LN102142,Male,Yes,2,Graduate,No,2686,1326.0,108.0,360.0,1.0,Semiurban,Y,train
LN102143,Male,Yes,0,Not Graduate,No,1758,1518.0,89.0,360.0,1.0,Rural,Y,train
LN102144,Male,No,0,Graduate,Yes,6620,0.0,150.0,360.0,1.0,Rural,Y,train
LN102145,Male,Yes,3+,Graduate,No,51763,0.0,700.0,300.0,1.0,Urban,Y,train
LN102146,Male,Yes,1,Graduate,No,4668,1029.0,25.0,360.0,1.0,Semiurban,Y,train
LN102147,Male,Yes,1,Graduate,No,4800,1185.0,22.0,360.0,1.0,Semiurban,Y,train
LN102148,Male,Yes,0,Graduate,No,6042,4300.0,271.0,360.0,1.0,Semiurban,N,train
LN102149,Male,No,0,Graduate,No,2879,0.0,65.0,480.0,1.0,Urban,N,train
LN102150,Female,Yes,1,Graduate,No,4352,0.0,124.0,360.0,1.0,Urban,Y,train
LN102151,Female,Yes,1,Graduate,No,5009,0.0,152.0,360.0,1.0,Urban,Y,train
LN102152,Male,Yes,2,Graduate,Yes,7948,7166.0,480.0,360.0,1.0,Rural,Y,train
LN102153,Male,Yes,3+,Not Graduate,No,3300,1838.0,63.0,180.0,0.0,Urban,N,train
LN102154,Male,Yes,0,Graduate,No,1669,1323.0,89.0,360.0,0.0,Urban,N,train
LN102155,Male,Yes,1,Not Graduate,No,7280,0.0,123.0,180.0,1.0,Urban,Y,train
LN102156,Male,No,0,Graduate,No,2948,2639.0,182.0,360.0,1.0,Urban,Y,train
LN102157,Male,Yes,1,Graduate,No,2165,2774.0,102.0,360.0,1.0,Urban,N,train
LN102158,Female,No,0,Graduate,No,5465,0.0,92.0,360.0,0.0,Semiurban,N,train
LN102159,Female,No,0,Graduate,No,3296,0.0,34.0,360.0,1.0,Urban,Y,train
LN102160,Male,Yes,2,Not Graduate,No,3017,2074.0,117.0,360.0,1.0,Urban,Y,train
LN102161,Male,Yes,3+,Graduate,No,4569,169.0,133.0,360.0,1.0,Semiurban,Y,train
LN102162,Male,No,0,Graduate,No,4818,1979.0,172.0,360.0,1.0,Semiurban,N,train
LN102163,Female,Yes,0,Graduate,No,2201,2196.0,130.0,360.0,1.0,Semiurban,Y,train
LN102164,Male,Yes,2,Graduate,No,2139,1509.0,115.0,360.0,1.0,Rural,Y,train
LN102165,Female,No,0,Graduate,No,3329,0.0,72.0,360.0,1.0,Semiurban,Y,train
LN102166,Male,No,0,Graduate,No,1853,2840.0,114.0,360.0,1.0,Rural,N,train
LN102167,Male,Yes,0,Graduate,No,7523,0.0,237.0,360.0,1.0,Urban,N,train
LN102168,Male,Yes,0,Not Graduate,No,4742,0.0,118.0,360.0,1.0,Rural,Y,train
LN102169,Female,No,1,Graduate,Yes,9324,0.0,166.0,360.0,1.0,Semiurban,Y,train
LN102170,Male,No,0,Graduate,No,3917,0.0,90.0,360.0,1.0,Urban,N,train
LN102171,Male,Yes,0,Graduate,No,54000,0.0,490.0,180.0,1.0,Urban,Y,train
LN102172,Female,No,1,Graduate,Yes,7560,0.0,155.0,360.0,1.0,Semiurban,Y,train
LN102173,Male,Yes,1,Graduate,No,6875,0.0,200.0,360.0,1.0,Semiurban,Y,train
LN102174,Male,Yes,0,Graduate,No,4953,0.0,154.0,360.0,1.0,Urban,Y,train
LN102175,Male,Yes,0,Graduate,No,2666,4300.0,121.0,360.0,1.0,Rural,Y,train
LN102176,Male,No,0,Graduate,No,3600,0.0,80.0,360.0,1.0,Urban,N,train
LN102177,Female,Yes,0,Not Graduate,No,4583,0.0,117.0,360.0,1.0,Rural,Y,train
LN102178,Male,Yes,0,Graduate,No,2829,1386.0,154.0,360.0,1.0,Semiurban,Y,train
LN102179,Male,No,0,Graduate,No,2853,2772.0,102.0,360.0,1.0,Rural,Y,train
LN102180,Female,Yes,0,Graduate,No,3076,2623.0,137.0,360.0,1.0,Semiurban,Y,train
LN102181,Male,Yes,0,Graduate,No,3347,3369.0,157.0,360.0,1.0,Urban,Y,train
LN102182,Male,Yes,3+,Graduate,No,4275,171.0,111.0,360.0,1.0,Semiurban,Y,train
LN102183,Male,No,0,Not Graduate,No,3576,0.0,118.0,360.0,1.0,Rural,Y,train
LN102184,Male,Yes,1,Not Graduate,No,6608,0.0,137.0,180.0,1.0,Urban,Y,train
LN102185,Male,No,0,Graduate,No,4593,2240.0,154.0,360.0,1.0,Rural,Y,train
LN102186,Male,Yes,2,Not Graduate,No,3228,267.0,114.0,360.0,1.0,Semiurban,Y,train
LN102187,Male,Yes,2,Graduate,No,1168,933.0,15.0,120.0,1.0,Urban,Y,train
LN102188,Male,Yes,1,Not Graduate,No,2114,2163.0,125.0,360.0,1.0,Rural,Y,train
LN102189,Male,Yes,0,Graduate,No,4652,3583.0,128.0,360.0,1.0,Semiurban,Y,train
LN102190,Male,Yes,1,Graduate,Yes,2728,0.0,101.0,360.0,1.0,Semiurban,Y,train
LN102191,Male,Yes,0,Graduate,No,2460,2330.0,139.0,360.0,1.0,Semiurban,Y,train
LN102192,Male,Yes,0,Graduate,No,4253,0.0,37.0,180.0,1.0,Rural,Y,train
LN102193,Male,Yes,2,Graduate,No,3302,1786.0,122.0,360.0,0.0,Semiurban,N,train
LN102194,Male,No,0,Not Graduate,No,3440,2719.0,123.0,360.0,1.0,Rural,Y,train
LN102195,Female,No,0,Graduate,No,3495,0.0,83.0,360.0,1.0,Urban,Y,train
LN102196,Male,Yes,1,Graduate,No,7841,1679.0,98.0,360.0,0.0,Urban,N,train
LN102197,Male,Yes,1,Graduate,Yes,7787,0.0,240.0,360.0,1.0,Urban,Y,train
LN102198,Male,Yes,2,Graduate,No,4600,0.0,169.0,360.0,1.0,Semiurban,Y,train
LN102199,Male,No,0,Graduate,No,4602,0.0,106.0,360.0,0.0,Semiurban,N,train
LN102200,Male,Yes,2,Graduate,No,2228,1097.0,84.0,180.0,1.0,Urban,Y,train
LN102201,Male,No,0,Graduate,Yes,9861,0.0,170.0,360.0,0.0,Urban,N,train
LN102202,Male,Yes,0,Graduate,No,2470,1547.0,91.0,360.0,1.0,Urban,Y,train
LN102203,Male,Yes,0,Graduate,No,3203,4520.0,123.0,180.0,0.0,Rural,N,train
LN102204,Female,No,1,Not Graduate,Yes,3675,0.0,57.0,360.0,1.0,Semiurban,N,train
LN102205,Male,No,0,Not Graduate,No,3245,0.0,99.0,360.0,1.0,Rural,Y,train
LN102206,Male,Yes,0,Graduate,No,2799,2253.0,122.0,360.0,1.0,Semiurban,Y,train
LN102207,Female,No,0,Graduate,No,2707,1537.0,104.0,360.0,1.0,Urban,Y,train
LN102208,Male,Yes,0,Graduate,Yes,2390,4006.0,136.0,360.0,1.0,Rural,Y,train
LN102209,Male,Yes,0,Not Graduate,No,2894,2792.0,155.0,360.0,1.0,Rural,Y,train
LN102210,Male,Yes,0,Not Graduate,No,6659,0.0,150.0,360.0,1.0,Urban,N,train
LN102211,Male,Yes,1,Graduate,No,3578,1877.0,160.0,360.0,1.0,Urban,Y,train
LN102212,Male,No,0,Not Graduate,No,1304,0.0,34.0,360.0,1.0,Urban,N,train
LN102213,Male,Yes,0,Graduate,No,3883,657.0,164.0,360.0,1.0,Urban,Y,train
LN102214,Male,Yes,1,Graduate,No,5377,5210.0,273.0,360.0,1.0,Urban,Y,train
LN102215,Male,Yes,1,Graduate,No,8275,0.0,194.0,360.0,1.0,Urban,Y,train
LN102216,Male,Yes,0,Graduate,No,7901,1833.0,180.0,360.0,1.0,Rural,Y,train
LN102217,Male,Yes,3+,Graduate,No,4446,0.0,41.0,180.0,1.0,Rural,Y,train
LN102218,Male,Yes,2,Graduate,No,4916,0.0,66.0,360.0,0.0,Semiurban,N,train
LN102219,Male,No,0,Graduate,No,4620,3096.0,154.0,360.0,1.0,Rural,Y,train
LN102220,Male,Yes,2,Graduate,Yes,8175,6844.0,463.0,360.0,1.0,Rural,Y,train
LN102221,Male,Yes,0,Not Graduate,No,1800,2934.0,93.0,360.0,0.0,Urban,N,train
LN102222,Female,No,2,Graduate,No,3750,2083.0,120.0,360.0,1.0,Semiurban,Y,train
LN102223,Male,Yes,0,Graduate,No,2031,0.0,54.0,360.0,0.0,Urban,N,train
LN102224,Male,Yes,0,Graduate,No,3704,2000.0,120.0,360.0,1.0,Rural,Y,train
LN102225,Male,Yes,1,Graduate,Yes,3466,1210.0,130.0,360.0,1.0,Rural,Y,train
LN102226,Male,Yes,1,Not Graduate,No,2492,2375.0,128.0,360.0,1.0,Rural,Y,train
LN102227,Male,Yes,1,Graduate,No,4027,2974.0,217.0,360.0,1.0,Urban,N,train
LN102228,Male,Yes,2,Not Graduate,No,3766,1457.0,112.0,360.0,1.0,Rural,N,train
LN102229,Male,Yes,1,Not Graduate,No,4065,5639.0,120.0,360.0,1.0,Rural,N,train
LN102230,Female,No,0,Graduate,No,3451,2555.0,137.0,360.0,1.0,Semiurban,Y,train
LN102231,Male,Yes,3+,Not Graduate,No,3266,0.0,81.0,180.0,1.0,Rural,N,train
LN102232,Male,Yes,0,Graduate,No,3541,1752.0,107.0,360.0,1.0,Rural,Y,train
LN102233,Male,No,0,Not Graduate,No,7490,0.0,105.0,360.0,1.0,Rural,N,train
LN102234,Female,No,0,Graduate,No,1749,1478.0,59.0,360.0,1.0,Urban,Y,train
LN102235,Male,No,0,Graduate,No,2703,2038.0,102.0,360.0,1.0,Rural,Y,train
LN102236,Male,Yes,3+,Graduate,No,9389,4539.0,113.0,360.0,1.0,Rural,Y,train
LN102237,Male,Yes,3+,Graduate,No,4411,8203.0,272.0,360.0,1.0,Semiurban,N,train
LN102238,Male,Yes,2,Not Graduate,No,4239,0.0,138.0,360.0,1.0,Semiurban,Y,train
LN102239,Male,Yes,1,Graduate,No,3315,0.0,96.0,360.0,1.0,Semiurban,Y,train
LN102240,Male,Yes,0,Graduate,No,5225,1443.0,182.0,360.0,0.0,Urban,N,train
LN102241,Male,Yes,2,Graduate,Yes,10227,8969.0,427.0,300.0,1.0,Rural,Y,train
LN102242,Male,Yes,0,Graduate,No,2386,0.0,67.0,360.0,0.0,Urban,N,train
LN102243,Male,Yes,2,Not Graduate,Yes,1919,1729.0,108.0,360.0,1.0,Semiurban,Y,train
LN102244,Male,Yes,2,Graduate,Yes,6607,0.0,217.0,240.0,1.0,Semiurban,N,train
LN102245,Male,Yes,1,Graduate,No,6167,5664.0,340.0,360.0,1.0,Urban,Y,train
LN102246,Male,Yes,0,Not Graduate,No,2648,2405.0,167.0,360.0,0.0,Urban,N,train
LN102247,Male,No,0,Graduate,No,10302,0.0,218.0,360.0,1.0,Urban,N,train
LN102248,Male,No,0,Graduate,Yes,6558,0.0,119.0,360.0,1.0,Urban,Y,train
LN102249,Female,No,0,Graduate,No,2036,9083.0,128.0,360.0,0.0,Semiurban,Y,train
LN102250,Male,Yes,2,Graduate,No,7017,0.0,216.0,360.0,1.0,Semiurban,Y,train
LN102251,Male,No,0,Graduate,No,2640,0.0,105.0,480.0,1.0,Semiurban,N,train
LN102252,Male,Yes,0,Graduate,No,22717,6902.0,409.0,360.0,1.0,Urban,Y,train
LN102253,Male,Yes,0,Not Graduate,No,2757,2766.0,109.0,360.0,0.0,Urban,N,train
LN102254,Male,Yes,0,Not Graduate,No,2333,1516.0,95.0,360.0,1.0,Urban,Y,train
LN102255,Male,No,0,Graduate,No,6024,3933.0,335.0,360.0,1.0,Rural,N,train
LN102256,Male,Yes,1,Not Graduate,No,1702,2531.0,144.0,360.0,1.0,Rural,Y,train
LN102257,Female,No,0,Not Graduate,No,3928,0.0,173.0,360.0,1.0,Rural,Y,train
LN102258,Male,Yes,0,Graduate,No,6181,0.0,282.0,360.0,1.0,Urban,N,train
LN102259,Male,Yes,2,Graduate,No,1394,950.0,19.0,120.0,1.0,Urban,Y,train
LN102260,Male,Yes,1,Graduate,No,2986,2522.0,169.0,360.0,1.0,Semiurban,Y,train
LN102261,Male,No,3+,Graduate,No,8393,0.0,199.0,360.0,1.0,Rural,Y,train
LN102262,Male,No,2,Graduate,No,5665,4025.0,161.0,360.0,1.0,Rural,Y,train
LN102263,Male,Yes,3+,Not Graduate,No,3224,0.0,102.0,360.0,1.0,Rural,Y,train
LN102264,Male,Yes,1,Graduate,No,4259,3220.0,153.0,360.0,1.0,Semiurban,N,train
LN102265,Male,Yes,1,Graduate,No,2236,1551.0,80.0,360.0,1.0,Urban,Y,train
LN102266,Male,Yes,0,Graduate,No,4812,3548.0,137.0,360.0,1.0,Semiurban,Y,train
LN102267,Male,No,0,Graduate,No,3585,2643.0,82.0,360.0,1.0,Rural,Y,train
LN102268,Male,Yes,0,Graduate,No,3231,2727.0,151.0,360.0,1.0,Urban,N,train
LN102269,Male,Yes,0,Not Graduate,No,3230,4170.0,114.0,360.0,1.0,Semiurban,Y,train
LN102270,Male,Yes,1,Graduate,No,3399,2312.0,161.0,360.0,1.0,Semiurban,Y,train
LN102271,Male,Yes,1,Graduate,No,2644,1741.0,125.0,360.0,0.0,Rural,N,train
LN102272,Male,Yes,0,Graduate,No,17902,0.0,110.0,360.0,1.0,Rural,N,train
LN102273,Male,Yes,1,Graduate,No,3922,1619.0,168.0,360.0,1.0,Urban,Y,train
LN102274,Male,Yes,0,Graduate,No,2826,1308.0,85.0,360.0,1.0,Urban,Y,train
LN102275,Male,Yes,1,Graduate,No,6894,0.0,143.0,360.0,1.0,Rural,Y,train
LN102276,Male,Yes,3+,Graduate,No,75309,0.0,336.0,360.0,0.0,Rural,N,train
LN102277,Male,Yes,3+,Graduate,No,5483,3217.0,182.0,360.0,1.0,Semiurban,Y,train
LN102278,Male,Yes,0,Graduate,No,4747,2321.0,96.0,360.0,1.0,Urban,N,train
LN102279,Male,No,0,Graduate,No,5499,0.0,129.0,360.0,1.0,Semiurban,Y,train
LN102280,Male,Yes,0,Graduate,No,3328,2531.0,117.0,360.0,0.0,Semiurban,N,train
LN102281,Female,No,0,Graduate,No,10821,0.0,272.0,360.0,1.0,Urban,Y,train
LN102282,Female,No,2,Graduate,No,4050,2189.0,103.0,360.0,1.0,Semiurban,Y,train
LN102283,Male,Yes,2,Not Graduate,No,4414,993.0,126.0,360.0,1.0,Urban,Y,train
LN102284,Male,Yes,2,Graduate,Yes,5664,0.0,141.0,84.0,1.0,Rural,Y,train
LN102285,Male,Yes,0,Graduate,No,3020,1931.0,122.0,360.0,1.0,Rural,Y,train
LN102286,Male,Yes,0,Not Graduate,Yes,4735,0.0,138.0,360.0,1.0,Urban,N,train
LN102287,Male,Yes,0,Graduate,No,4844,3076.0,137.0,360.0,1.0,Semiurban,Y,train
LN102288,Female,No,0,Not Graduate,No,2611,0.0,75.0,360.0,0.0,Urban,N,train
LN102289,Male,Yes,3+,Not Graduate,No,4070,0.0,141.0,180.0,1.0,Urban,N,train
LN102290,Male,Yes,1,Graduate,No,2923,1717.0,178.0,360.0,1.0,Urban,Y,train
LN102291,Male,Yes,0,Graduate,Yes,1812,4507.0,163.0,360.0,1.0,Semiurban,Y,train
LN102292,Male,No,0,Graduate,No,2723,0.0,62.0,360.0,1.0,Urban,Y,train
LN102293,Female,No,0,Graduate,No,2507,0.0,56.0,360.0,1.0,Rural,Y,train
LN102294,Male,Yes,2,Graduate,Yes,6633,0.0,128.0,360.0,0.0,Rural,N,train
LN102295,Male,Yes,1,Not Graduate,No,2962,2350.0,89.0,360.0,1.0,Semiurban,Y,train
LN102296,Male,Yes,0,Graduate,No,2785,2016.0,110.0,360.0,1.0,Rural,Y,train
LN102297,Male,Yes,0,Graduate,No,4367,923.0,139.0,360.0,1.0,Semiurban,Y,train
LN102298,Male,No,0,Graduate,No,15666,0.0,237.0,360.0,0.0,Semiurban,N,train
LN102299,Male,No,0,Graduate,No,2848,1893.0,150.0,360.0,1.0,Rural,Y,train
LN102300,Male,No,0,Graduate,No,2396,18456.0,97.0,360.0,1.0,Semiurban,Y,train
LN102301,Male,No,2,Graduate,No,4869,4799.0,139.0,360.0,1.0,Rural,Y,train
LN102302,Female,Yes,0,Graduate,No,3282,1587.0,138.0,360.0,1.0,Semiurban,Y,train
LN102303,Male,No,0,Graduate,Yes,11624,0.0,185.0,360.0,0.0,Urban,N,train
LN102304,Female,No,0,Graduate,No,4164,0.0,48.0,360.0,1.0,Semiurban,Y,train
LN102305,Male,No,0,Graduate,No,3589,3960.0,129.0,360.0,1.0,Rural,Y,train
LN102306,Male,Yes,1,Graduate,No,38448,0.0,296.0,360.0,1.0,Semiurban,N,train
LN102307,Male,Yes,1,Graduate,No,5199,0.0,144.0,360.0,1.0,Rural,Y,train
LN102308,Male,Yes,0,Graduate,No,1662,1284.0,105.0,360.0,0.0,Urban,N,train
LN102309,Male,Yes,0,Graduate,No,4750,2333.0,130.0,360.0,1.0,Urban,Y,train
LN102310,Male,Yes,2,Not Graduate,No,3597,2059.0,114.0,360.0,0.0,Rural,N,train
LN102311,Male,Yes,0,Graduate,No,5337,1414.0,184.0,360.0,0.0,Urban,N,train
LN102312,Female,No,0,Graduate,Yes,3125,0.0,120.0,360.0,1.0,Urban,Y,train
LN102313,Male,Yes,3+,Not Graduate,Yes,3531,2140.0,113.0,360.0,1.0,Semiurban,Y,train
LN102314,Male,No,0,Graduate,No,2500,0.0,96.0,480.0,1.0,Semiurban,N,train
LN102315,Male,Yes,0,Graduate,No,2768,1950.0,155.0,360.0,1.0,Rural,Y,train
LN102316,Female,Yes,0,Graduate,No,4436,0.0,112.0,360.0,1.0,Rural,N,train
LN102317,Female,No,0,Graduate,No,3762,1666.0,135.0,360.0,1.0,Rural,Y,train
LN102318,Male,Yes,0,Graduate,No,3243,2035.0,116.0,360.0,1.0,Rural,Y,train
LN102319,Male,Yes,0,Graduate,No,3121,1543.0,157.0,360.0,1.0,Semiurban,Y,train
LN102320,Male,Yes,0,Not Graduate,No,2482,3937.0,130.0,180.0,1.0,Urban,N,train
LN102321,Male,Yes,0,Graduate,No,3607,0.0,45.0,180.0,1.0,Rural,Y,train
LN102322,Male,Yes,0,Graduate,No,3689,2401.0,118.0,360.0,1.0,Urban,N,train
LN102323,Male,Yes,0,Graduate,No,2827,2252.0,81.0,180.0,0.0,Rural,Y,train
LN102324,Male,Yes,0,Graduate,No,5821,0.0,144.0,360.0,1.0,Urban,Y,train
LN102325,Male,No,0,Graduate,No,3560,0.0,69.0,360.0,1.0,Urban,N,train
LN102326,Male,Yes,1,Graduate,No,3366,2942.0,133.0,360.0,1.0,Semiurban,N,train
LN102327,Male,Yes,0,Graduate,No,2798,1876.0,102.0,360.0,1.0,Urban,Y,train
LN102328,Male,Yes,1,Graduate,No,3400,2500.0,173.0,360.0,1.0,Semiurban,Y,train
LN102329,Male,No,0,Graduate,No,4000,0.0,84.0,360.0,1.0,Urban,N,train
LN102330,Male,Yes,1,Graduate,No,2730,2032.0,132.0,360.0,1.0,Semiurban,Y,train
LN102331,Male,Yes,0,Graduate,No,7336,1067.0,151.0,360.0,1.0,Semiurban,Y,train
LN102332,Female,No,0,Graduate,No,2654,1919.0,104.0,360.0,0.0,Urban,N,train
LN102333,Male,Yes,1,Graduate,No,9098,0.0,146.0,300.0,0.0,Semiurban,N,train
LN102334,Male,Yes,2,Not Graduate,No,6091,1651.0,215.0,480.0,1.0,Semiurban,N,train
LN102335,Female,No,0,Graduate,Yes,2600,1717.0,99.0,300.0,1.0,Semiurban,N,train
LN102336,Male,Yes,0,Graduate,No,8870,0.0,212.0,360.0,1.0,Semiurban,Y,train
LN102337,Male,Yes,0,Graduate,No,6186,5198.0,178.0,360.0,1.0,Semiurban,Y,train
LN102338,Male,Yes,2,Not Graduate,No,3273,1820.0,81.0,360.0,1.0,Urban,Y,train
LN102339,Male,Yes,0,Graduate,No,6424,0.0,167.0,360.0,1.0,Urban,Y,train
LN102340,Male,No,2,Graduate,No,3125,0.0,77.0,360.0,0.0,Rural,N,train
LN102341,Male,No,0,Graduate,No,5122,0.0,145.0,360.0,1.0,Urban,Y,train
LN102342,Male,No,0,Graduate,No,5430,0.0,144.0,360.0,1.0,Urban,Y,train
LN102343,Male,Yes,3+,Not Graduate,No,3992,0.0,128.0,180.0,1.0,Urban,N,train
LN102344,Male,No,0,Graduate,No,9166,0.0,244.0,360.0,1.0,Urban,N,train
LN102345,Female,No,0,Graduate,No,4515,2578.0,124.0,360.0,1.0,Semiurban,Y,train
LN102346,Male,Yes,2,Graduate,No,5009,0.0,94.0,360.0,1.0,Urban,N,train
LN102347,Male,No,0,Graduate,No,5020,1697.0,183.0,360.0,1.0,Semiurban,N,train
LN102348,Male,No,0,Graduate,No,2364,0.0,81.0,360.0,1.0,Urban,N,train
LN102349,Female,No,2,Graduate,No,3245,2233.0,114.0,360.0,1.0,Semiurban,Y,train
LN102350,Male,No,0,Graduate,No,8716,0.0,260.0,360.0,1.0,Urban,N,train
LN102351,Male,Yes,0,Graduate,No,3126,2149.0,163.0,360.0,1.0,Rural,Y,train
LN102352,Male,Yes,2,Not Graduate,Yes,2151,2072.0,87.0,360.0,1.0,Semiurban,Y,train
LN102353,Male,Yes,1,Not Graduate,No,5333,1131.0,186.0,360.0,1.0,Urban,Y,train
LN102354,Female,No,0,Graduate,No,2748,0.0,122.0,360.0,1.0,Semiurban,Y,train
LN102355,Female,No,1,Graduate,Yes,7259,0.0,112.0,360.0,1.0,Semiurban,Y,train
LN102356,Male,Yes,2,Graduate,No,3174,1731.0,127.0,360.0,0.0,Semiurban,N,train
LN102357,Male,Yes,1,Graduate,No,36420,0.0,262.0,360.0,1.0,Semiurban,N,train
LN102358,Male,Yes,1,Not Graduate,No,5256,1325.0,148.0,360.0,0.0,Semiurban,Y,train
LN102359,Female,No,1,Graduate,No,11485,0.0,35.0,360.0,1.0,Urban,Y,train
LN102360,Female,Yes,0,Graduate,Yes,5500,0.0,105.0,360.0,0.0,Rural,N,train
LN102361,Male,No,0,Graduate,No,1715,5178.0,66.0,360.0,1.0,Rural,N,train
LN102362,Male,Yes,0,Graduate,No,3312,1882.0,118.0,360.0,1.0,Semiurban,Y,train
LN102363,Male,No,0,Graduate,No,5659,4230.0,225.0,360.0,0.0,Rural,N,train
LN102364,Male,Yes,3+,Graduate,No,3683,1405.0,126.0,360.0,0.0,Semiurban,N,train
LN102365,Male,Yes,2,Graduate,Yes,7012,0.0,138.0,360.0,0.0,Rural,N,train
LN102366,Male,Yes,0,Graduate,No,1576,3259.0,140.0,360.0,1.0,Semiurban,Y,train
LN102367,Male,Yes,0,Graduate,No,2268,2337.0,58.0,360.0,1.0,Rural,Y,train
LN102368,Male,Yes,2,Graduate,No,6561,0.0,184.0,360.0,1.0,Urban,Y,train
LN102369,Male,No,0,Graduate,No,3631,0.0,50.0,360.0,1.0,Urban,Y,train
LN102370,Female,No,0,Graduate,No,3583,0.0,97.0,360.0,1.0,Semiurban,Y,train
LN102371,Male,Yes,2,Graduate,No,3200,700.0,70.0,360.0,1.0,Urban,Y,train
LN102372,Male,Yes,0,Not Graduate,No,3006,3126.0,148.0,360.0,1.0,Rural,Y,train
LN102373,Female,No,0,Not Graduate,No,3109,0.0,78.0,360.0,0.0,Urban,N,train
LN102374,Male,Yes,1,Graduate,No,3079,1675.0,129.0,360.0,1.0,Semiurban,Y,train
LN102375,Male,Yes,3+,Graduate,No,4005,205.0,138.0,360.0,1.0,Semiurban,Y,train
LN102376,Male,Yes,0,Not Graduate,No,4467,0.0,120.0,360.0,1.0,Rural,Y,train
LN102377,Male,Yes,2,Graduate,Yes,18144,911.0,129.0,360.0,1.0,Rural,Y,train
LN102378,Male,No,1,Graduate,Yes,4090,0.0,114.0,360.0,1.0,Rural,N,train
LN102379,Male,Yes,0,Not Graduate,Yes,4695,0.0,96.0,360.0,1.0,Urban,Y,train
LN102380,Male,Yes,1,Graduate,No,3052,1030.0,100.0,360.0,1.0,Urban,Y,train
LN102381,Male,No,0,Graduate,No,5435,4292.0,164.0,360.0,1.0,Semiurban,Y,train
LN102382,Male,Yes,2,Graduate,No,6709,0.0,148.0,360.0,1.0,Semiurban,Y,train
LN102383,Male,Yes,1,Not Graduate,No,3029,1503.0,100.0,180.0,0.0,Rural,N,train
LN102384,Female,Yes,0,Not Graduate,No,4134,0.0,117.0,360.0,1.0,Rural,Y,train
LN102385,Male,Yes,1,Not Graduate,No,6043,0.0,154.0,180.0,1.0,Urban,Y,train
LN102386,Female,No,0,Graduate,No,3156,0.0,59.0,360.0,1.0,Urban,Y,train
LN102387,Male,Yes,0,Not Graduate,No,5352,0.0,204.0,360.0,0.0,Rural,N,train
LN102388,Male,No,0,Graduate,No,4095,3447.0,151.0,360.0,1.0,Rural,Y,train
LN102389,Male,Yes,0,Graduate,No,6608,0.0,131.0,360.0,1.0,Urban,Y,train
LN102390,Male,No,0,Not Graduate,No,1313,0.0,35.0,360.0,1.0,Urban,N,train
LN102391,Female,No,1,Graduate,No,3481,0.0,155.0,36.0,1.0,Semiurban,N,train
LN102392,Male,Yes,2,Graduate,No,2588,1107.0,95.0,360.0,1.0,Semiurban,Y,train
LN102393,Male,Yes,2,Graduate,Yes,4583,2083.0,160.0,360.0,1.0,Semiurban,Y,train
LN102394,Male,Yes,2,Graduate,No,9143,0.0,241.0,360.0,0.0,Urban,N,train
LN102395,Male,Yes,1,Not Graduate,No,2741,1788.0,139.0,180.0,1.0,Urban,N,train
LN102396,Male,No,0,Graduate,No,3700,0.0,75.0,360.0,1.0,Urban,Y,train
LN102397,Male,Yes,2,Not Graduate,No,4621,1492.0,122.0,360.0,1.0,Rural,N,train
LN102398,Male,Yes,2,Not Graduate,No,5214,0.0,126.0,360.0,1.0,Rural,Y,train
LN102399,Male,Yes,1,Graduate,No,3227,2200.0,164.0,360.0,1.0,Semiurban,Y,train
LN102400,Male,Yes,2,Graduate,No,2500,1840.0,109.0,360.0,1.0,Urban,Y,test
LN102401,Male,No,0,Not Graduate,No,2467,1331.0,116.0,480.0,0.0,Urban,N,test
LN102402,Male,Yes,2,Graduate,No,13158,0.0,210.0,180.0,1.0,Urban,Y,test
LN102403,Male,Yes,3+,Graduate,No,6417,0.0,157.0,180.0,1.0,Rural,Y,test
LN102404,Male,Yes,0,Graduate,Yes,2692,3048.0,164.0,360.0,1.0,Urban,Y,test
LN102405,Female,No,0,Graduate,No,3195,0.0,79.0,360.0,1.0,Rural,Y,test
LN102406,Male,Yes,0,Graduate,No,3333,2500.0,128.0,360.0,1.0,Semiurban,Y,test
LN102407,Female,No,0,Graduate,No,1419,2022.0,97.0,360.0,0.0,Semiurban,N,test
LN102408,Male,Yes,0,Graduate,No,9323,0.0,75.0,180.0,1.0,Urban,Y,test
LN102409,Male,Yes,3+,Graduate,No,6108,0.0,143.0,180.0,1.0,Rural,Y,test
LN102410,Male,Yes,2,Not Graduate,No,2281,0.0,113.0,360.0,1.0,Rural,N,test
LN102411,Male,Yes,0,Graduate,No,3013,3033.0,95.0,300.0,1.0,Urban,Y,test
LN102412,Male,Yes,3+,Graduate,No,15000,0.0,300.0,360.0,1.0,Rural,Y,test
LN102413,Male,No,0,Graduate,No,9310,0.0,225.0,360.0,1.0,Urban,Y,test
LN102414,Male,Yes,0,Graduate,No,3586,2335.0,130.0,360.0,1.0,Rural,N,test
LN102415,Male,No,0,Graduate,No,2966,2839.0,100.0,360.0,1.0,Urban,Y,test
LN102416,Male,Yes,0,Graduate,No,11146,0.0,136.0,360.0,1.0,Urban,Y,test
LN102417,Male,Yes,0,Graduate,No,2521,1968.0,111.0,360.0,1.0,Semiurban,Y,test
LN102418,Male,Yes,0,Graduate,No,3836,1945.0,127.0,360.0,1.0,Rural,N,test
LN102419,Male,Yes,1,Graduate,No,1625,1803.0,96.0,360.0,1.0,Urban,Y,test
LN102420,Male,Yes,0,Graduate,Yes,9963,0.0,180.0,360.0,1.0,Rural,Y,test
LN102421,Male,No,0,Not Graduate,No,2066,1250.0,99.0,480.0,0.0,Urban,N,test
LN102422,Male,Yes,3+,Graduate,Yes,5441,1223.0,97.0,360.0,1.0,Rural,Y,test
LN102423,Male,Yes,0,Graduate,Yes,5896,3862.0,62.0,360.0,1.0,Semiurban,Y,test
LN102424,Male,Yes,0,Graduate,Yes,9716,0.0,192.0,360.0,1.0,Rural,Y,test
LN102425,Male,Yes,3+,Graduate,No,6691,0.0,168.0,180.0,1.0,Rural,Y,test
LN102426,Male,Yes,3+,Graduate,No,4691,0.0,100.0,360.0,1.0,Semiurban,Y,test
LN102427,Male,Yes,0,Graduate,No,3441,2010.0,127.0,360.0,1.0,Rural,N,test
LN102428,Male,Yes,3+,Graduate,No,5641,12884.0,520.0,360.0,0.0,Semiurban,N,test
LN102429,Male,Yes,3+,Graduate,No,3132,2714.0,164.0,360.0,0.0,Semiurban,N,test
LN102430,Male,Yes,1,Graduate,No,2826,1355.0,126.0,360.0,0.0,Semiurban,N,test
LN102431,Male,Yes,0,Graduate,No,3037,2892.0,153.0,360.0,1.0,Urban,Y,test
LN102432,Female,No,1,Not Graduate,No,4606,0.0,81.0,360.0,1.0,Rural,N,test
LN102433,Female,No,0,Graduate,No,1898,0.0,109.0,360.0,0.0,Semiurban,N,test
LN102434,Male,Yes,0,Graduate,No,2752,2761.0,138.0,360.0,1.0,Urban,Y,test
LN102435,Male,Yes,0,Graduate,Yes,39556,4416.0,113.0,360.0,1.0,Semiurban,Y,test
LN102436,Male,Yes,1,Graduate,No,6283,1434.0,181.0,360.0,1.0,Rural,Y,test
LN102437,Male,Yes,2,Graduate,No,2861,1478.0,145.0,360.0,1.0,Urban,N,test
LN102438,Male,Yes,1,Graduate,No,1616,1557.0,85.0,360.0,1.0,Urban,Y,test
LN102439,Male,Yes,0,Graduate,No,3168,1875.0,130.0,360.0,1.0,Rural,N,test
LN102440,Male,No,0,Graduate,No,4842,0.0,147.0,360.0,0.0,Rural,Y,test
LN102441,Male,Yes,2,Graduate,No,3510,4416.0,243.0,360.0,1.0,Rural,Y,test
LN102442,Male,Yes,0,Not Graduate,No,3053,1942.0,114.0,360.0,0.0,Semiurban,N,test
LN102443,Female,No,0,Graduate,No,5878,0.0,145.0,480.0,0.0,Urban,N,test
LN102444,Male,Yes,0,Graduate,No,2400,2167.0,115.0,360.0,1.0,Semiurban,Y,test
LN102445,Male,Yes,0,Graduate,No,3368,3231.0,123.0,360.0,1.0,Urban,Y,test
LN102446,Male,No,0,Graduate,No,3310,0.0,82.0,360.0,0.0,Semiurban,N,test
LN102447,Male,No,1,Graduate,No,3667,0.0,113.0,180.0,1.0,Urban,Y,test
LN102448,Male,No,2,Graduate,No,3617,0.0,107.0,360.0,1.0,Semiurban,Y,test
LN102449,Female,Yes,1,Graduate,No,4078,2960.0,159.0,180.0,1.0,Semiurban,Y,test
LN102450,Male,Yes,1,Graduate,Yes,3021,1779.0,144.0,360.0,1.0,Semiurban,Y,test
LN102451,Male,Yes,0,Graduate,No,3431,2999.0,108.0,300.0,1.0,Urban,Y,test
LN102452,Female,No,0,Graduate,No,4124,0.0,115.0,360.0,1.0,Semiurban,Y,test
LN102453,Female,Yes,0,Graduate,No,4748,2089.0,192.0,360.0,1.0,Semiurban,Y,test
LN102454,Male,Yes,0,Graduate,No,2896,2176.0,142.0,360.0,1.0,Rural,N,test
LN102455,Male,Yes,0,Graduate,No,3241,2069.0,115.0,360.0,0.0,Urban,N,test
LN102456,Male,Yes,0,Not Graduate,No,3852,3490.0,136.0,360.0,0.0,Rural,N,test
LN102457,Male,Yes,3+,Graduate,No,3106,2817.0,176.0,360.0,0.0,Semiurban,N,test
LN102458,Male,No,0,Not Graduate,No,3776,0.0,27.0,120.0,1.0,Semiurban,Y,test
LN102459,Male,Yes,0,Graduate,No,3027,2094.0,138.0,360.0,1.0,Semiurban,Y,test
LN102460,Male,Yes,0,Graduate,No,3173,3021.0,137.0,360.0,1.0,Urban,Y,test
LN102461,Male,Yes,2,Graduate,Yes,3095,0.0,104.0,360.0,0.0,Semiurban,N,test
LN102462,Male,Yes,1,Graduate,No,2920,1308.0,110.0,360.0,0.0,Semiurban,N,test
LN102463,Male,Yes,0,Graduate,No,7681,7415.0,197.0,300.0,1.0,Rural,Y,test
LN102464,Male,Yes,0,Graduate,Yes,39580,4490.0,114.0,360.0,1.0,Semiurban,Y,test
LN102465,Male,Yes,2,Graduate,No,3153,1560.0,134.0,360.0,1.0,Urban,Y,test
LN102466,Male,Yes,2,Not Graduate,No,3719,1342.0,135.0,360.0,1.0,Rural,Y,test
LN102467,Female,No,0,Graduate,Yes,4651,0.0,120.0,360.0,0.0,Semiurban,N,test
LN102468,Male,No,0,Graduate,No,4191,0.0,120.0,360.0,1.0,Rural,Y,test
LN102469,Male,Yes,0,Graduate,No,2423,2083.0,112.0,360.0,1.0,Semiurban,Y,test
LN102470,Male,Yes,3+,Graduate,No,13903,0.0,308.0,360.0,1.0,Rural,Y,test
LN102471,Male,Yes,3+,Graduate,Yes,10139,0.0,260.0,360.0,1.0,Semiurban,Y,test
LN102472,Male,Yes,0,Graduate,No,2901,3320.0,120.0,360.0,1.0,Urban,Y,test
LN102473,Male,Yes,0,Graduate,No,3378,2363.0,122.0,360.0,1.0,Semiurban,Y,test
LN102474,Male,No,0,Not Graduate,Yes,2216,2260.0,96.0,360.0,1.0,Rural,Y,test
LN102475,Male,Yes,3+,Graduate,No,5513,0.0,122.0,360.0,1.0,Urban,Y,test
LN102476,Female,No,0,Not Graduate,No,1755,0.0,57.0,360.0,1.0,Semiurban,Y,test
LN102477,Male,Yes,2,Not Graduate,No,2275,1512.0,50.0,360.0,1.0,Semiurban,Y,test
LN102478,Female,Yes,0,Graduate,No,4604,2593.0,123.0,360.0,1.0,Urban,N,test
LN102479,Male,Yes,3+,Graduate,Yes,6509,1288.0,86.0,360.0,1.0,Rural,Y,test
LN102480,Male,Yes,0,Graduate,No,2749,3410.0,95.0,300.0,1.0,Urban,Y,test
LN102481,Male,Yes,0,Graduate,No,6531,7483.0,179.0,300.0,1.0,Rural,Y,test
LN102482,Male,Yes,1,Graduate,No,1819,1674.0,83.0,360.0,1.0,Urban,Y,test
LN102483,Male,Yes,2,Graduate,No,3450,3063.0,245.0,360.0,0.0,Urban,N,test
LN102484,Female,No,0,Graduate,No,2900,0.0,71.0,360.0,1.0,Rural,Y,test
LN102485,Male,Yes,0,Graduate,No,2500,2118.0,104.0,360.0,1.0,Semiurban,Y,test
LN102486,Male,Yes,0,Not Graduate,No,2723,2032.0,127.0,360.0,0.0,Semiurban,N,test
LN102487,Male,No,0,Graduate,No,9768,0.0,181.0,360.0,1.0,Urban,Y,test
LN102488,Male,Yes,0,Graduate,No,1871,2258.0,90.0,360.0,1.0,Urban,Y,test
LN102489,Male,Yes,1,Graduate,No,4764,1182.0,158.0,360.0,1.0,Rural,Y,test
LN102490,Female,No,0,Graduate,No,2648,0.0,80.0,360.0,1.0,Rural,Y,test
LN102491,Female,Yes,0,Graduate,No,3140,0.0,101.0,360.0,1.0,Semiurban,Y,test
LN102492,Female,No,3+,Not Graduate,No,1830,0.0,128.0,360.0,0.0,Urban,N,test
LN102493,Female,Yes,0,Graduate,No,2215,3825.0,108.0,360.0,1.0,Semiurban,Y,test
LN102494,Male,Yes,2,Graduate,No,13015,0.0,213.0,180.0,1.0,Urban,Y,test
LN102495,Male,No,1,Not Graduate,Yes,4653,2559.0,152.0,360.0,0.0,Urban,N,test
LN102496,Female,No,0,Graduate,No,2152,0.0,97.0,360.0,0.0,Semiurban,N,test
LN102497,Male,Yes,0,Graduate,Yes,5503,4490.0,70.0,360.0,1.0,Semiurban,Y,test
LN102498,Male,No,0,Graduate,No,3795,5060.0,171.0,360.0,1.0,Semiurban,Y,test
LN102499,Male,Yes,2,Graduate,No,3900,0.0,90.0,360.0,1.0,Semiurban,Y,test
LN102500,Male,No,0,Graduate,No,3660,5064.0,187.0,360.0,1.0,Semiurban,Y,test
LN102501,Male,Yes,0,Graduate,No,2466,2150.0,118.0,360.0,1.0,Semiurban,Y,test
LN102502,Male,No,0,Not Graduate,No,4032,1365.0,92.0,360.0,1.0,Rural,N,test
LN102503,Female,No,0,Graduate,Yes,2223,0.0,105.0,360.0,1.0,Urban,Y,test
LN102504,Female,No,0,Graduate,No,5417,0.0,143.0,480.0,0.0,Urban,N,test
LN102505,Male,No,0,Graduate,No,2738,0.0,99.0,360.0,0.0,Semiurban,N,test
LN102506,Male,Yes,3+,Graduate,No,4780,0.0,112.0,360.0,1.0,Semiurban,Y,test
LN102507,Male,No,0,Graduate,No,10616,0.0,167.0,360.0,1.0,Semiurban,N,test
LN102508,Male,No,0,Not Graduate,No,2950,2909.0,100.0,360.0,1.0,Semiurban,Y,test
LN102509,Female,No,0,Graduate,No,5884,0.0,150.0,480.0,0.0,Urban,N,test
LN102510,Male,Yes,2,Not Graduate,No,2442,0.0,118.0,360.0,1.0,Rural,N,test
LN102511,Male,Yes,2,Graduate,No,3462,1369.0,116.0,360.0,1.0,Urban,Y,test
LN102512,Male,Yes,0,Graduate,No,6200,4144.0,343.0,360.0,1.0,Urban,Y,test
LN102513,Male,Yes,2,Graduate,No,3038,1720.0,141.0,360.0,1.0,Urban,Y,test
LN102514,Male,Yes,3+,Graduate,No,6472,0.0,159.0,360.0,1.0,Semiurban,N,test
LN102515,Male,No,1,Not Graduate,Yes,3604,2354.0,159.0,360.0,0.0,Urban,N,test
LN102516,Male,Yes,1,Graduate,No,7432,2185.0,157.0,360.0,1.0,Urban,Y,test
LN102517,Male,Yes,1,Graduate,No,3607,3038.0,149.0,360.0,1.0,Urban,Y,test
LN102518,Male,Yes,2,Graduate,No,10936,0.0,168.0,180.0,1.0,Urban,Y,test
LN102519,Male,Yes,2,Graduate,No,2398,1694.0,115.0,360.0,1.0,Urban,Y,test
LN102520,Male,Yes,3+,Graduate,No,15218,0.0,308.0,360.0,1.0,Rural,Y,test
LN102521,Male,No,0,Not Graduate,No,2346,1600.0,132.0,360.0,1.0,Semiurban,Y,test
LN102522,Female,Yes,0,Graduate,No,4639,2598.0,107.0,360.0,1.0,Urban,N,test
LN102523,Male,Yes,1,Graduate,No,2670,1424.0,113.0,360.0,0.0,Semiurban,N,test
LN102524,Female,Yes,0,Graduate,No,2420,3865.0,104.0,360.0,1.0,Semiurban,Y,test
LN102525,Male,Yes,1,Graduate,No,7617,1922.0,171.0,360.0,1.0,Urban,Y,test
LN102526,Male,Yes,3+,Graduate,Yes,6402,1427.0,113.0,360.0,1.0,Rural,Y,test
LN102527,Male,Yes,3+,Graduate,Yes,5274,1243.0,106.0,360.0,1.0,Rural,Y,test
LN102528,Male,Yes,2,Graduate,No,3483,1775.0,102.0,360.0,1.0,Semiurban,Y,test
LN102529,Female,No,0,Graduate,No,1644,1636.0,94.0,360.0,0.0,Semiurban,N,test
LN102530,Male,Yes,0,Graduate,No,3887,2669.0,162.0,360.0,1.0,Semiurban,Y,test
LN102531,Female,No,1,Graduate,No,2385,0.0,153.0,360.0,1.0,Urban,N,test
LN102532,Male,Yes,3+,Graduate,No,5808,0.0,109.0,360.0,1.0,Urban,Y,test
LN102533,Male,Yes,0,Graduate,No,154,1617.0,153.0,360.0,1.0,Rural,N,test
LN102534,Male,Yes,3+,Graduate,No,5876,0.0,132.0,360.0,1.0,Urban,Y,test
LN102535,Male,Yes,0,Graduate,No,2487,1665.0,155.0,360.0,1.0,Rural,N,test
LN102536,Male,No,0,Graduate,No,3858,0.0,76.0,360.0,1.0,Semiurban,Y,test
LN102537,Female,No,0,Graduate,Yes,4583,0.0,133.0,360.0,0.0,Semiurban,N,test
LN102538,Male,No,0,Not Graduate,No,2917,2910.0,110.0,360.0,1.0,Semiurban,Y,test
LN102539,Male,No,0,Not Graduate,No,3620,0.0,25.0,120.0,1.0,Semiurban,Y,test
LN102540,Male,Yes,0,Not Graduate,No,3074,1800.0,123.0,360.0,0.0,Semiurban,N,test
LN102541,Male,Yes,2,Not Graduate,No,2456,1703.0,47.0,360.0,1.0,Semiurban,Y,test
LN102542,Male,Yes,2,Graduate,No,3131,1661.0,128.0,360.0,1.0,Urban,Y,test
LN102543,Female,No,0,Graduate,Yes,2500,0.0,93.0,360.0,1.0,Urban,Y,test
LN102544,Female,No,0,Graduate,No,5655,0.0,138.0,480.0,0.0,Urban,N,test
LN102545,Female,No,0,Not Graduate,No,2165,0.0,70.0,360.0,1.0,Semiurban,Y,test
LN102546,Male,Yes,3+,Graduate,No,6080,0.0,172.0,180.0,1.0,Rural,Y,test
LN102547,Female,No,3+,Not Graduate,No,1559,0.0,142.0,360.0,0.0,Urban,N,test
LN102548,Male,Yes,0,Graduate,No,2058,2134.0,88.0,360.0,1.0,Urban,Y,test
LN102549,Male,No,0,Graduate,No,6277,0.0,118.0,360.0,0.0,Rural,N,test
LN102550,Male,Yes,0,Graduate,No,139,1630.0,148.0,360.0,1.0,Rural,N,test
LN102551,Female,No,0,Not Graduate,No,2020,0.0,68.0,360.0,1.0,Semiurban,Y,test
LN102552,Male,Yes,3+,Graduate,No,6518,0.0,159.0,360.0,1.0,Semiurban,N,test
LN102553,Male,Yes,0,Graduate,Yes,5180,4865.0,72.0,360.0,1.0,Semiurban,Y,test
LN102554,Male,Yes,1,Graduate,No,1813,2044.0,86.0,360.0,1.0,Urban,Y,test
LN102555,Female,Yes,1,Graduate,No,4190,2728.0,133.0,180.0,1.0,Semiurban,Y,test
LN102556,Male,No,0,Graduate,No,1836,33837.0,90.0,360.0,1.0,Urban,N,test
LN102557,Male,Yes,0,Graduate,No,3373,0.0,188.0,360.0,1.0,Rural,N,test
LN102558,Female,Yes,0,Graduate,No,4333,2451.0,110.0,360.0,1.0,Urban,N,test
LN102559,Male,Yes,0,Graduate,No,3250,0.0,170.0,360.0,1.0,Rural,N,test
LN102560,Female,No,3+,Not Graduate,No,1869,0.0,131.0,360.0,0.0,Urban,N,test
LN102561,Male,Yes,1,Graduate,No,15590,0.0,529.0,360.0,1.0,Urban,N,test
LN102562,Female,Yes,0,Not Graduate,No,2149,3237.0,178.0,360.0,0.0,Semiurban,N,test
LN102563,Female,Yes,0,Graduate,No,2404,4715.0,92.0,360.0,1.0,Semiurban,Y,test
LN102564,Male,No,0,Not Graduate,No,2872,0.0,61.0,180.0,1.0,Urban,Y,test
LN102565,Male,Yes,0,Graduate,No,2495,2430.0,167.0,360.0,1.0,Semiurban,Y,test
LN102566,Male,Yes,0,Graduate,No,2684,2080.0,94.0,360.0,1.0,Semiurban,Y,test
LN102567,Female,No,0,Graduate,Yes,14421,0.0,55.0,360.0,1.0,Semiurban,Y,test
LN102568,Male,Yes,0,Graduate,No,2823,2856.0,135.0,360.0,1.0,Urban,Y,test
LN102569,Male,No,0,Not Graduate,No,3067,2464.0,89.0,360.0,1.0,Semiurban,Y,test
LN102570,Male,Yes,2,Not Graduate,No,3779,1279.0,176.0,360.0,1.0,Rural,Y,test
LN102571,Male,Yes,2,Graduate,No,4055,0.0,79.0,360.0,1.0,Semiurban,Y,test
LN102572,Male,Yes,0,Graduate,No,3103,0.0,161.0,360.0,1.0,Rural,N,test
LN102573,Male,Yes,1,Graduate,No,3717,3219.0,159.0,360.0,1.0,Urban,Y,test
LN102574,Male,Yes,0,Not Graduate,No,2701,1972.0,139.0,360.0,0.0,Semiurban,N,test
LN102575,Male,No,0,Not Graduate,No,3598,1287.0,100.0,360.0,1.0,Rural,N,test
LN102576,Male,No,2,Graduate,No,3474,0.0,121.0,360.0,1.0,Semiurban,Y,test
LN102577,Male,Yes,0,Graduate,No,6250,0.0,128.0,360.0,1.0,Semiurban,Y,test
LN102578,Female,Yes,0,Graduate,No,3625,0.0,108.0,360.0,1.0,Semiurban,Y,test
LN102579,Male,Yes,1,Graduate,No,4695,1120.0,157.0,360.0,1.0,Rural,Y,test
LN102580,Male,Yes,0,Graduate,No,3366,2200.0,135.0,360.0,1.0,Rural,N,test
LN102581,Male,Yes,2,Not Graduate,No,4236,1425.0,153.0,360.0,1.0,Rural,Y,test
LN102582,Female,No,0,Graduate,No,2804,0.0,80.0,360.0,1.0,Rural,Y,test
LN102583,Male,Yes,0,Graduate,No,2419,4193.0,110.0,360.0,1.0,Urban,Y,test
LN102584,Male,Yes,0,Graduate,No,144,1765.0,131.0,360.0,1.0,Rural,N,test
LN102585,Female,No,0,Graduate,Yes,14619,0.0,51.0,360.0,1.0,Semiurban,Y,test
LN102586,Female,Yes,0,Graduate,No,4139,0.0,121.0,360.0,1.0,Semiurban,Y,test
LN102587,Female,No,0,Not Graduate,No,1699,0.0,55.0,360.0,1.0,Semiurban,Y,test
LN102588,Male,Yes,3+,Graduate,No,4369,0.0,103.0,360.0,1.0,Semiurban,Y,test
LN102589,Male,Yes,3+,Graduate,No,5970,0.0,162.0,360.0,1.0,Semiurban,N,test
LN102590,Male,Yes,2,Graduate,No,3086,1567.0,117.0,360.0,1.0,Urban,N,test
LN102591,Male,Yes,2,Graduate,No,3679,0.0,96.0,360.0,1.0,Semiurban,Y,test
LN102592,Female,Yes,1,Graduate,No,12000,0.0,496.0,360.0,1.0,Semiurban,Y,test
LN102593,Male,Yes,3+,Graduate,No,3138,2681.0,178.0,360.0,0.0,Semiurban,N,test
LN102594,Male,No,0,Graduate,No,8420,4747.0,319.0,360.0,1.0,Rural,N,test
LN102595,Male,Yes,2,Graduate,No,2471,1729.0,112.0,360.0,1.0,Urban,Y,test
LN102596,Male,Yes,0,Graduate,No,7020,8437.0,197.0,300.0,1.0,Rural,Y,test
LN102597,Male,Yes,0,Graduate,No,2590,2113.0,104.0,360.0,1.0,Semiurban,Y,test
LN102598,Male,Yes,0,Graduate,Yes,34127,4355.0,115.0,360.0,1.0,Semiurban,Y,test
LN102599,Female,No,0,Graduate,No,2281,0.0,95.0,360.0,0.0,Semiurban,N,test
LN102600,Female,No,3+,Not Graduate,No,1990,0.0,114.0,360.0,0.0,Urban,N,test
LN102601,Male,Yes,0,Graduate,No,1814,2168.0,85.0,360.0,1.0,Urban,Y,test
LN102602,Male,No,0,Graduate,No,8450,3683.0,207.0,360.0,1.0,Rural,Y,test
LN102603,Female,No,0,Graduate,No,3187,0.0,123.0,360.0,1.0,Rural,N,test
LN102604,Male,Yes,0,Graduate,No,6454,8914.0,196.0,300.0,1.0,Rural,Y,test
LN102605,Female,No,0,Graduate,No,4899,0.0,158.0,480.0,0.0,Urban,N,test
LN102606,Female,Yes,0,Graduate,No,4759,2203.0,167.0,360.0,1.0,Semiurban,Y,test
LN102607,Male,Yes,0,Graduate,No,5713,3667.0,315.0,360.0,1.0,Urban,Y,test
LN102608,Male,Yes,0,Graduate,Yes,5308,4041.0,71.0,360.0,1.0,Semiurban,Y,test
LN102609,Male,No,0,Graduate,No,9705,0.0,210.0,360.0,1.0,Rural,Y,test
LN102610,Male,Yes,0,Not Graduate,No,2857,1642.0,113.0,360.0,0.0,Semiurban,N,test
LN102611,Female,No,0,Not Graduate,No,1745,0.0,52.0,360.0,1.0,Semiurban,Y,test
LN102612,Male,Yes,1,Graduate,No,6281,0.0,169.0,360.0,1.0,Semiurban,Y,test
LN102613,Female,Yes,2,Graduate,No,4283,2383.0,127.0,360.0,1.0,Semiurban,Y,test
LN102614,Male,Yes,0,Graduate,No,6706,0.0,141.0,360.0,1.0,Semiurban,Y,test
LN102615,Male,Yes,2,Not Graduate,No,1985,0.0,100.0,360.0,1.0,Rural,N,test
LN102616,Male,Yes,2,Graduate,No,3696,4638.0,214.0,360.0,1.0,Rural,Y,test
LN102617,Male,Yes,1,Graduate,Yes,3450,2079.0,162.0,360.0,1.0,Semiurban,Y,test
LN102618,Male,Yes,1,Graduate,Yes,3407,2226.0,185.0,360.0,1.0,Semiurban,Y,test
LN102619,Male,Yes,0,Graduate,Yes,2479,3013.0,188.0,360.0,1.0,Urban,Y,test
LN102620,Male,Yes,2,Not Graduate,No,3400,2085.0,101.0,360.0,1.0,Semiurban,Y,test
LN102621,Male,No,0,Not Graduate,No,2548,1549.0,122.0,360.0,1.0,Semiurban,Y,test
LN102622,Female,No,0,Graduate,No,2138,0.0,99.0,360.0,0.0,Semiurban,N,test
LN102623,Male,Yes,0,Graduate,No,138,2060.0,152.0,360.0,1.0,Rural,N,test
LN102624,Male,No,0,Graduate,No,8139,4052.0,169.0,360.0,1.0,Rural,Y,test
LN102625,Male,No,0,Graduate,No,2034,0.0,72.0,480.0,0.0,Semiurban,N,test
LN102626,Male,No,0,Graduate,No,8956,0.0,207.0,360.0,1.0,Urban,Y,test
LN102627,Male,Yes,0,Graduate,No,2524,1873.0,146.0,360.0,1.0,Rural,N,test
LN102628,Male,No,0,Not Graduate,Yes,2583,2167.0,104.0,360.0,1.0,Rural,Y,test
LN102629,Male,No,0,Not Graduate,No,2496,1709.0,146.0,360.0,1.0,Semiurban,Y,test
LN102630,Male,Yes,0,Not Graduate,No,3814,1483.0,124.0,300.0,1.0,Semiurban,Y,test
LN102631,Male,No,3+,Graduate,No,13799,3036.0,361.0,360.0,1.0,Rural,N,test
LN102632,Male,No,0,Graduate,No,3597,0.0,107.0,360.0,1.0,Rural,Y,test
LN102633,Male,Yes,0,Graduate,No,3112,14.0,97.0,360.0,1.0,Rural,Y,test
LN102634,Male,No,0,Not Graduate,No,2707,0.0,68.0,180.0,1.0,Urban,Y,test
LN102635,Male,Yes,0,Graduate,No,150,1800.0,135.0,360.0,1.0,Rural,N,test
LN102636,Male,Yes,0,Graduate,No,3349,0.0,194.0,360.0,1.0,Rural,N,test
LN102637,Male,Yes,0,Graduate,Yes,10214,0.0,190.0,360.0,1.0,Rural,Y,test
LN102638,Male,Yes,0,Graduate,No,5501,2628.0,172.0,360.0,1.0,Rural,Y,test
LN102639,Male,Yes,2,Graduate,No,4138,3785.0,246.0,360.0,0.0,Urban,N,test
LN102640,Male,Yes,2,Graduate,No,2846,475.0,93.0,84.0,1.0,Urban,Y,test
LN102641,Female,Yes,1,Graduate,Yes,12957,0.0,312.0,360.0,0.0,Urban,N,test
LN102642,Male,No,0,Not Graduate,No,3266,0.0,23.0,120.0,1.0,Semiurban,Y,test
LN102643,Male,No,0,Not Graduate,No,3077,2868.0,87.0,360.0,1.0,Semiurban,Y,test
LN102644,Female,Yes,0,Graduate,No,2336,4536.0,108.0,360.0,1.0,Semiurban,Y,test
LN102645,Male,No,2,Graduate,No,3770,0.0,112.0,360.0,1.0,Semiurban,Y,test
LN102646,Male,Yes,0,Graduate,No,2777,3696.0,120.0,360.0,1.0,Urban,Y,test
LN102647,Female,No,0,Graduate,Yes,2653,0.0,96.0,360.0,1.0,Urban,Y,test
LN102648,Male,Yes,2,Not Graduate,No,3195,1984.0,90.0,360.0,1.0,Semiurban,Y,test
LN102649,Male,Yes,2,Graduate,No,6250,1695.0,210.0,360.0,1.0,Semiurban,Y,test
LN102650,Female,No,1,Graduate,No,2600,0.0,160.0,360.0,1.0,Urban,N,test
LN102651,Male,Yes,0,Graduate,No,2499,2458.0,160.0,360.0,1.0,Semiurban,Y,test
LN102652,Female,Yes,1,Graduate,Yes,12444,0.0,316.0,360.0,0.0,Urban,N,test
LN102653,Male,Yes,3+,Graduate,No,5684,0.0,123.0,360.0,1.0,Urban,Y,test
LN102654,Male,Yes,2,Graduate,No,5780,0.0,192.0,360.0,1.0,Urban,Y,test
LN102655,Male,Yes,1,Graduate,No,1538,1425.0,30.0,360.0,1.0,Urban,Y,test
LN102656,Male,Yes,0,Graduate,No,5744,0.0,118.0,360.0,1.0,Semiurban,Y,test
LN102657,Male,Yes,3+,Graduate,No,4487,1187.0,94.0,360.0,1.0,Urban,Y,test
LN102658,Female,No,0,Graduate,No,1500,1800.0,103.0,360.0,0.0,Semiurban,N,test
LN102659,Male,Yes,2,Not Graduate,No,2178,1668.0,44.0,360.0,1.0,Semiurban,Y,test
LN102660,Male,Yes,0,Graduate,No,2376,1662.0,161.0,360.0,1.0,Rural,N,test
LN102661,Male,Yes,1,Graduate,No,1571,1368.0,31.0,360.0,1.0,Urban,Y,test
LN102662,Male,No,0,Not Graduate,No,2192,1358.0,113.0,480.0,0.0,Urban,N,test
LN102663,Male,Yes,1,Graduate,No,15883,0.0,479.0,360.0,1.0,Urban,N,test
LN102664,Male,No,0,Not Graduate,No,5466,0.0,55.0,360.0,1.0,Rural,Y,test
LN102665,Male,Yes,0,Graduate,No,5150,1007.0,135.0,180.0,1.0,Urban,Y,test
LN102666,Male,Yes,0,Graduate,No,3260,2354.0,145.0,360.0,1.0,Semiurban,Y,test
LN102667,Male,Yes,0,Graduate,No,5667,2667.0,180.0,360.0,1.0,Rural,Y,test
LN102668,Female,Yes,0,Not Graduate,No,1953,3680.0,181.0,360.0,0.0,Semiurban,N,test
LN102669,Male,No,3+,Graduate,No,13817,3437.0,279.0,360.0,1.0,Rural,N,test
LN102670,Male,Yes,2,Graduate,Yes,3133,0.0,122.0,360.0,0.0,Semiurban,N,test
LN102671,Male,Yes,1,Graduate,No,17439,0.0,507.0,360.0,1.0,Urban,N,test
LN102672,Male,No,0,Graduate,No,12000,0.0,164.0,360.0,1.0,Semiurban,N,test
LN102673,Male,Yes,1,Graduate,No,3333,3250.0,158.0,360.0,1.0,Urban,Y,test
LN102674,Male,Yes,1,Graduate,No,6252,1425.0,149.0,360.0,1.0,Rural,Y,test
LN102675,Male,Yes,0,Graduate,No,6727,3961.0,331.0,360.0,1.0,Urban,Y,test
LN102676,Male,Yes,2,Graduate,No,2553,1755.0,140.0,360.0,1.0,Urban,N,test
LN102677,Female,No,0,Graduate,No,645,3683.0,113.0,480.0,1.0,Rural,Y,test
LN102678,Male,Yes,2,Not Graduate,No,2192,1742.0,45.0,360.0,1.0,Semiurban,Y,test
LN102679,Male,Yes,1,Graduate,No,2912,3234.0,143.0,360.0,1.0,Urban,Y,test
LN102680,Male,Yes,0,Graduate,No,2824,2399.0,109.0,360.0,1.0,Semiurban,Y,test
LN102681,Male,Yes,1,Graduate,No,5500,1260.0,170.0,360.0,1.0,Rural,Y,test
LN102682,Male,Yes,0,Graduate,No,2966,2389.0,129.0,360.0,1.0,Semiurban,Y,test
LN102683,Male,Yes,3+,Graduate,No,16269,0.0,327.0,360.0,1.0,Rural,Y,test
LN102684,Male,Yes,0,Graduate,No,2249,2116.0,111.0,360.0,1.0,Semiurban,Y,test
LN102685,Male,Yes,3+,Graduate,Yes,9540,0.0,252.0,360.0,1.0,Semiurban,Y,test
LN102686,Male,Yes,0,Graduate,No,2843,2802.0,136.0,360.0,1.0,Semiurban,Y,test
LN102687,Male,Yes,0,Graduate,No,3526,2714.0,201.0,360.0,1.0,Rural,Y,test
LN102688,Female,No,0,Graduate,No,3813,0.0,116.0,180.0,1.0,Urban,Y,test
LN102689,Male,Yes,0,Graduate,No,2879,1823.0,116.0,360.0,0.0,Urban,N,test
LN102690,Male,Yes,0,Graduate,No,1855,2341.0,75.0,360.0,1.0,Urban,Y,test
LN102691,Male,Yes,2,Graduate,No,3800,3600.0,216.0,360.0,0.0,Urban,N,test
LN102692,Male,Yes,1,Graduate,No,6514,0.0,170.0,360.0,1.0,Semiurban,Y,test
LN102693,Female,Yes,1,Graduate,No,4608,2845.0,140.0,180.0,1.0,Semiurban,Y,test
LN102694,Female,No,0,Graduate,Yes,2663,0.0,93.0,360.0,1.0,Urban,Y,test
LN102695,Male,Yes,0,Graduate,No,6598,8446.0,184.0,300.0,1.0,Rural,Y,test
LN102696,Female,No,0,Not Graduate,No,2163,0.0,48.0,360.0,1.0,Semiurban,Y,test
LN102697,Male,Yes,0,Graduate,Yes,623,5279.0,152.0,360.0,1.0,Rural,Y,test
LN102698,Male,Yes,2,Graduate,No,2335,1862.0,124.0,360.0,1.0,Urban,Y,test
LN102699,Male,No,0,Not Graduate,No,3955,0.0,26.0,120.0,1.0,Semiurban,Y,test
LN102700,Male,No,0,Not Graduate,Yes,2395,2350.0,96.0,360.0,1.0,Rural,Y,test
LN102701,Female,Yes,1,Graduate,No,11843,0.0,524.0,360.0,1.0,Semiurban,Y,test
LN102702,Male,No,0,Graduate,No,3746,0.0,119.0,360.0,1.0,Rural,Y,test
LN102703,Male,No,0,Not Graduate,No,4338,0.0,53.0,360.0,1.0,Rural,Y,test
LN102704,Male,Yes,3+,Graduate,No,4416,1250.0,110.0,360.0,1.0,Urban,Y,test
LN102705,Female,No,0,Graduate,Yes,2412,0.0,91.0,360.0,1.0,Urban,Y,test
LN102706,Male,Yes,0,Graduate,No,153,1916.0,132.0,360.0,1.0,Rural,N,test
LN102707,Male,Yes,0,Graduate,No,7059,0.0,124.0,360.0,1.0,Semiurban,Y,test
LN102708,Male,No,0,Graduate,No,5520,0.0,145.0,360.0,0.0,Rural,Y,test
LN102709,Male,No,0,Not Graduate,No,2073,1312.0,105.0,480.0,0.0,Urban,N,test
LN102710,Male,Yes,0,Graduate,No,3631,0.0,178.0,360.0,1.0,Rural,N,test
LN102711,Male,Yes,2,Graduate,No,4377,0.0,96.0,360.0,1.0,Semiurban,Y,test
LN102712,Male,No,0,Graduate,No,3682,0.0,121.0,360.0,1.0,Rural,Y,test
LN102713,Male,Yes,0,Graduate,No,2991,2549.0,144.0,360.0,1.0,Semiurban,Y,test
LN102714,Male,Yes,2,Not Graduate,No,2247,0.0,100.0,360.0,1.0,Rural,N,test
LN102715,Male,Yes,0,Graduate,No,2698,2034.0,122.0,360.0,1.0,Semiurban,Y,test
LN102716,Male,Yes,2,Not Graduate,No,2077,1557.0,42.0,360.0,1.0,Semiurban,Y,test
LN102717,Male,Yes,3+,Graduate,No,5703,0.0,128.0,360.0,1.0,Urban,Y,test
LN102718,Male,Yes,2,Graduate,Yes,2477,0.0,107.0,360.0,0.0,Semiurban,N,test
LN102719,Male,No,0,Graduate,No,9646,0.0,204.0,360.0,1.0,Rural,Y,test
LN102720,Male,No,1,Not Graduate,Yes,4053,2426.0,158.0,360.0,0.0,Urban,N,test
LN102721,Male,Yes,0,Not Graduate,No,3067,2066.0,112.0,360.0,0.0,Semiurban,N,test
LN102722,Male,Yes,2,Graduate,No,3194,1724.0,130.0,360.0,1.0,Urban,Y,test
LN102723,Female,No,0,Graduate,No,3941,0.0,131.0,180.0,1.0,Urban,Y,test
LN102724,Male,Yes,0,Not Graduate,No,3434,2025.0,108.0,360.0,0.0,Semiurban,N,test
LN102725,Male,Yes,0,Graduate,No,9786,0.0,82.0,180.0,1.0,Urban,Y,test
LN102726,Male,No,3+,Graduate,No,12878,3403.0,342.0,360.0,1.0,Rural,N,test
LN102727,Male,Yes,0,Graduate,No,6646,0.0,119.0,360.0,1.0,Semiurban,Y,test
LN102728,Male,Yes,0,Graduate,No,2383,2379.0,119.0,360.0,1.0,Semiurban,Y,test
LN102729,Male,No,0,Graduate,No,8566,0.0,210.0,360.0,1.0,Urban,Y,test
LN102730,Male,Yes,0,Not Graduate,No,3373,2961.0,157.0,360.0,0.0,Rural,N,test
LN102731,Male,No,0,Graduate,No,4917,0.0,130.0,360.0,0.0,Rural,Y,test
LN102732,Male,Yes,2,Graduate,No,3543,474.0,109.0,84.0,1.0,Urban,Y,test
LN102733,Male,No,0,Graduate,No,4413,0.0,82.0,360.0,1.0,Semiurban,Y,test
LN102734,Male,Yes,2,Graduate,Yes,2595,0.0,120.0,360.0,0.0,Semiurban,N,test
LN102735,Male,Yes,2,Graduate,No,3540,468.0,92.0,84.0,1.0,Urban,Y,test
LN102736,Male,No,0,Not Graduate,No,2699,2785.0,96.0,360.0,1.0,Semiurban,Y,test
LN102737,Male,Yes,0,Graduate,No,2920,16.12000084,87.0,360.0,1.0,Rural,Y,test
LN102738,Male,No,0,Graduate,No,4300,0.0,107.0,360.0,1.0,Rural,Y,test
LN102739,Male,Yes,3+,Graduate,No,3250,2165.0,136.0,360.0,0.0,Semiurban,N,test
LN102740,Male,Yes,2,Not Graduate,No,3240,2005.0,95.0,360.0,1.0,Semiurban,Y,test
LN102741,Male,Yes,2,Not Graduate,No,2122,1622.0,44.0,360.0,1.0,Semiurban,Y,test
LN102742,Male,Yes,0,Graduate,No,2553,2656.0,145.0,360.0,1.0,Semiurban,Y,test
LN102743,Male,Yes,1,Graduate,No,5854,1354.0,176.0,360.0,1.0,Rural,Y,test
LN102744,Female,No,0,Graduate,No,2519,0.0,75.0,360.0,1.0,Rural,Y,test
LN102745,Male,No,1,Not Graduate,Yes,3655,2191.0,151.0,360.0,0.0,Urban,N,test
LN102746,Male,Yes,0,Graduate,No,3181,0.0,175.0,360.0,1.0,Rural,N,test
LN102747,Female,No,0,Graduate,No,3418,0.0,135.0,360.0,1.0,Rural,N,test
LN102748,Male,Yes,0,Graduate,Yes,2250,3022.0,189.0,360.0,1.0,Urban,Y,test
LN102749,Male,Yes,3+,Graduate,No,2827,2765.0,168.0,360.0,0.0,Semiurban,N,test
LN102750,Male,Yes,2,Not Graduate,No,4392,1349.0,176.0,360.0,1.0,Rural,Y,test
LN102751,Male,Yes,0,Graduate,No,2873,2707.0,148.0,360.0,1.0,Semiurban,Y,test
LN102752,Male,Yes,0,Graduate,No,3464,1940.0,118.0,360.0,1.0,Rural,N,test
LN102753,Male,Yes,1,Graduate,No,5713,1368.0,184.0,360.0,1.0,Rural,Y,test
LN102754,Male,Yes,3+,Graduate,No,14669,0.0,300.0,360.0,1.0,Rural,Y,test
LN102755,Male,Yes,0,Graduate,No,2340,2128.0,163.0,360.0,1.0,Semiurban,Y,test
LN102756,Female,No,0,Graduate,Yes,4879,0.0,141.0,360.0,0.0,Semiurban,N,test
LN102757,Female,No,0,Graduate,No,1601,1588.0,116.0,360.0,0.0,Semiurban,N,test
LN102758,Male,No,0,Graduate,No,4385,0.0,65.0,360.0,1.0,Semiurban,Y,test
LN102759,Male,Yes,1,Graduate,No,5313,1391.0,178.0,360.0,1.0,Rural,Y,test
LN102760,Male,No,0,Graduate,No,9409,3941.0,312.0,360.0,1.0,Rural,N,test
LN102761,Male,Yes,0,Graduate,No,6518,0.0,141.0,360.0,1.0,Semiurban,Y,test
LN102762,Male,No,0,Graduate,No,2237,0.0,63.0,480.0,0.0,Semiurban,N,test
LN102763,Male,Yes,1,Graduate,Yes,3666,2315.0,156.0,360.0,1.0,Semiurban,Y,test
LN102764,Male,Yes,2,Graduate,No,2596,1698.0,130.0,360.0,1.0,Urban,N,test
LN102765,Male,Yes,2,Graduate,No,6295,1734.0,218.0,360.0,1.0,Semiurban,Y,test
LN102766,Male,Yes,0,Graduate,No,7333,8333.0,175.0,300.0,1.0,Rural,Y,test
LN102767,Male,Yes,2,Graduate,Yes,2323,0.0,106.0,360.0,0.0,Semiurban,N,test
LN102768,Male,Yes,2,Graduate,No,3223,4047.0,250.0,360.0,1.0,Rural,Y,test
LN102769,Female,No,0,Not Graduate,No,1951,0.0,60.0,360.0,1.0,Semiurban,Y,test
LN102770,Female,No,0,Graduate,No,4053,0.0,132.0,180.0,1.0,Urban,Y,test
LN102771,Male,No,1,Graduate,No,3062,1987.0,111.0,180.0,0.0,Urban,N,test
LN102772,Male,Yes,0,Graduate,No,4228,3458.0,189.0,360.0,1.0,Rural,Y,test
LN102773,Male,Yes,0,Graduate,Yes,10686,0.0,156.0,360.0,1.0,Rural,Y,test
LN102774,Male,Yes,1,Graduate,No,17778,0.0,573.0,360.0,1.0,Urban,N,test
LN102775,Female,Yes,0,Graduate,No,3334,0.0,107.0,360.0,1.0,Semiurban,Y,test
LN102776,Male,No,0,Graduate,No,8473,4408.0,349.0,360.0,1.0,Rural,N,test
LN102777,Male,Yes,0,Graduate,No,2427,2127.0,120.0,360.0,1.0,Semiurban,Y,test
LN102778,Male,Yes,0,Graduate,Yes,42163,5324.0,126.0,360.0,1.0,Semiurban,Y,test
LN102779,Female,Yes,1,Graduate,No,12673,0.0,480.0,360.0,1.0,Semiurban,Y,test
LN102780,Male,No,0,Graduate,No,9979,4146.0,305.0,360.0,1.0,Rural,N,test
LN102781,Male,Yes,0,Graduate,No,3155,0.0,161.0,360.0,1.0,Rural,N,test
LN102782,Female,No,0,Graduate,No,2831,0.0,74.0,360.0,1.0,Rural,Y,test
LN102783,Male,No,0,Not Graduate,No,2281,1578.0,89.0,480.0,0.0,Urban,N,test
LN102784,Male,Yes,2,Graduate,No,6624,0.0,208.0,360.0,1.0,Urban,Y,test
LN102785,Male,No,0,Graduate,No,2006,0.0,72.0,480.0,0.0,Semiurban,N,test
LN102786,Male,Yes,2,Not Graduate,No,3333,2000.0,99.0,360.0,1.0,Semiurban,Y,test
LN102787,Male,Yes,2,Graduate,Yes,2629,0.0,110.0,360.0,0.0,Semiurban,N,test
LN102788,Male,Yes,0,Graduate,Yes,36334,4772.0,112.0,360.0,1.0,Semiurban,Y,test
LN102789,Male,Yes,0,Graduate,No,2535,2219.0,110.0,360.0,1.0,Semiurban,Y,test
LN102790,Male,Yes,0,Graduate,No,9397,0.0,77.0,180.0,1.0,Urban,Y,test
LN102791,Male,Yes,0,Not Graduate,No,2573,1885.0,105.0,360.0,1.0,Rural,Y,test
LN102792,Male,Yes,1,Graduate,Yes,3841,2051.0,170.0,360.0,1.0,Semiurban,Y,test
LN102793,Male,Yes,0,Graduate,No,2539,2467.0,148.0,360.0,1.0,Semiurban,Y,test
LN102794,Male,Yes,0,Graduate,No,2960,2264.0,136.0,360.0,1.0,Semiurban,Y,test
LN102795,Male,Yes,3+,Graduate,No,3211,2328.0,176.0,360.0,0.0,Semiurban,N,test
LN102796,Male,Yes,1,Graduate,No,6053,0.0,151.0,360.0,1.0,Semiurban,Y,test
LN102797,Male,Yes,2,Not Graduate,No,3790,1857.0,103.0,360.0,1.0,Semiurban,Y,test
LN102798,Male,Yes,2,Not Graduate,No,4075,1583.0,143.0,360.0,1.0,Rural,Y,test
LN102799,Male,Yes,0,Graduate,No,2161,1945.0,142.0,360.0,1.0,Rural,N,test
LN102800,Female,No,0,Not Graduate,No,2104,0.0,55.0,360.0,1.0,Semiurban,Y,test
LN102801,Male,Yes,0,Graduate,No,3884,3041.0,192.0,360.0,1.0,Rural,Y,test
LN102802,Male,No,0,Graduate,No,3229,2739.0,110.0,360.0,1.0,Urban,Y,test
LN102803,Male,Yes,0,Graduate,Yes,2718,3106.0,176.0,360.0,1.0,Urban,Y,test
LN102804,Female,No,3+,Not Graduate,No,1707,0.0,132.0,360.0,0.0,Urban,N,test
LN102805,Male,Yes,2,Graduate,No,3871,3554.0,210.0,360.0,0.0,Urban,N,test
LN102806,Female,No,0,Graduate,No,3230,0.0,61.0,360.0,1.0,Rural,Y,test
LN102807,Male,Yes,0,Graduate,No,2476,1779.0,180.0,360.0,1.0,Rural,N,test
LN102808,Male,Yes,3+,Graduate,Yes,10396,0.0,233.0,360.0,1.0,Semiurban,Y,test
LN102809,Male,No,0,Not Graduate,No,2892,0.0,68.0,180.0,1.0,Urban,Y,test
LN102810,Male,Yes,2,Graduate,No,3353,4014.0,249.0,360.0,1.0,Rural,Y,test
LN102811,Female,Yes,0,Graduate,No,3554,2547.0,197.0,360.0,1.0,Semiurban,Y,test
LN102812,Male,No,0,Graduate,No,2805,2541.0,104.0,360.0,1.0,Urban,Y,test
LN102813,Female,Yes,0,Not Graduate,No,2046,2997.0,189.0,360.0,0.0,Semiurban,N,test
LN102814,Male,No,0,Not Graduate,No,2436,2554.0,110.0,360.0,1.0,Semiurban,Y,test
LN102815,Male,Yes,1,Graduate,No,8823,2524.0,160.0,360.0,1.0,Urban,Y,test
LN102816,Male,Yes,1,Graduate,No,8557,2429.0,165.0,360.0,1.0,Urban,Y,test
LN102817,Male,Yes,1,Graduate,No,2874,2786.0,161.0,360.0,1.0,Urban,Y,test
LN102818,Male,Yes,0,Graduate,No,3456,3306.0,128.0,360.0,1.0,Urban,Y,test
LN102819,Male,No,0,Graduate,No,7516,0.0,206.0,360.0,1.0,Urban,Y,test
LN102820,Male,Yes,0,Graduate,No,2412,3672.0,123.0,360.0,1.0,Urban,Y,test
LN102821,Female,No,0,Graduate,No,1680,2051.0,118.0,360.0,0.0,Semiurban,N,test
LN102822,Male,No,0,Graduate,No,8750,4167.0,308.0,360.0,1.0,Rural,N,test
LN102823,Male,Yes,3+,Graduate,No,3036,2504.0,158.0,360.0,0.0,Semiurban,N,test
LN102824,Male,Yes,1,Graduate,No,1729,1320.0,29.0,360.0,1.0,Urban,Y,test
LN102825,Male,Yes,2,Graduate,No,4075,0.0,95.0,360.0,1.0,Semiurban,Y,test
LN102826,Male,No,0,Not Graduate,No,2301,1428.0,129.0,360.0,1.0,Semiurban,Y,test
LN102827,Female,Yes,0,Graduate,No,4147,0.0,121.0,360.0,1.0,Semiurban,Y,test
LN102828,Male,Yes,0,Graduate,No,2263,1971.0,98.0,360.0,1.0,Semiurban,Y,test
LN102829,Male,Yes,2,Graduate,Yes,2817,0.0,101.0,360.0,0.0,Semiurban,N,test
LN102830,Male,Yes,2,Graduate,Yes,3014,0.0,104.0,360.0,0.0,Semiurban,N,test
LN102831,Female,No,0,Graduate,No,3918,0.0,131.0,360.0,1.0,Semiurban,Y,test
LN102832,Male,Yes,0,Graduate,No,5450,4195.0,330.0,360.0,1.0,Urban,Y,test
LN102833,Male,Yes,0,Graduate,No,3178,18.0,85.0,360.0,1.0,Rural,Y,test
LN102834,Female,No,1,Graduate,No,2239,0.0,172.0,360.0,1.0,Urban,N,test
LN102835,Male,Yes,1,Graduate,No,8080,2250.0,180.0,360.0,1.0,Urban,Y,test
LN102836,Male,Yes,0,Graduate,Yes,3000,0.0,66.0,360.0,1.0,Urban,Y,test
LN102837,Female,No,0,Graduate,Yes,2703,0.0,94.0,360.0,1.0,Urban,Y,test
LN102838,Male,Yes,0,Graduate,Yes,5156,4852.0,70.0,360.0,1.0,Semiurban,Y,test
LN102839,Male,No,0,Graduate,No,8071,4262.0,267.0,360.0,1.0,Rural,N,test
LN102840,Male,No,0,Graduate,No,13184,0.0,147.0,360.0,1.0,Semiurban,N,test
LN102841,Male,Yes,2,Not Graduate,No,3987,1411.0,157.0,360.0,1.0,Rural,Y,test
LN102842,Female,No,0,Graduate,No,2162,0.0,104.0,360.0,0.0,Semiurban,N,test
LN102843,Male,Yes,0,Graduate,Yes,674,5296.0,168.0,360.0,1.0,Rural,Y,test
LN102844,Male,Yes,3+,Graduate,No,5126,0.0,85.0,360.0,1.0,Semiurban,Y,test
LN102845,Male,Yes,2,Graduate,No,11757,0.0,187.0,180.0,1.0,Urban,Y,test
LN102846,Female,No,0,Graduate,No,728,4092.0,125.0,480.0,1.0,Rural,Y,test
LN102847,Male,No,0,Not Graduate,No,2534,1591.0,121.0,360.0,1.0,Semiurban,Y,test
LN102848,Male,No,0,Graduate,No,5460,0.0,120.0,360.0,0.0,Rural,Y,test
LN102849,Male,No,0,Not Graduate,No,3390,0.0,29.0,120.0,1.0,Semiurban,Y,test
LN102850,Male,Yes,1,Graduate,No,6325,0.0,175.0,360.0,1.0,Semiurban,Y,test
LN102851,Female,No,0,Graduate,Yes,15759,0.0,55.0,360.0,1.0,Semiurban,Y,test
LN102852,Male,No,0,Graduate,No,2987,0.0,88.0,360.0,0.0,Semiurban,N,test
LN102853,Male,Yes,3+,Graduate,No,13529,0.0,290.0,360.0,1.0,Rural,Y,test
LN102854,Male,Yes,3+,Graduate,No,5966,0.0,134.0,360.0,1.0,Semiurban,N,test
LN102855,Female,No,0,Graduate,No,3383,0.0,132.0,180.0,1.0,Urban,Y,test
LN102856,Male,Yes,1,Graduate,No,3717,3192.0,146.0,360.0,1.0,Urban,Y,test
LN102857,Male,Yes,2,Graduate,No,2822,399.0,94.0,84.0,1.0,Urban,Y,test
LN102858,Male,Yes,0,Graduate,No,5263,4192.0,326.0,360.0,1.0,Urban,Y,test
LN102859,Male,No,1,Not Graduate,Yes,3792,2770.0,154.0,360.0,0.0,Urban,N,test
LN102860,Male,Yes,3+,Graduate,No,6406,0.0,150.0,360.0,1.0,Semiurban,N,test
LN102861,Male,Yes,2,Graduate,No,4009,1717.0,116.0,360.0,1.0,Semiurban,Y,test
LN102862,Female,No,0,Graduate,Yes,16887,0.0,62.0,360.0,1.0,Semiurban,Y,test
LN102863,Male,Yes,1,Graduate,No,8156,2111.0,194.0,360.0,1.0,Urban,Y,test
LN102864,Male,No,0,Not Graduate,No,3868,0.0,27.0,120.0,1.0,Semiurban,Y,test
LN102865,Male,Yes,0,Graduate,No,3365,0.0,154.0,360.0,1.0,Rural,N,test
LN102866,Male,Yes,0,Not Graduate,No,3023,3151.0,161.0,360.0,0.0,Rural,N,test
LN102867,Male,Yes,0,Graduate,No,168,1975.0,154.0,360.0,1.0,Rural,N,test
LN102868,Male,Yes,0,Graduate,Yes,6213,4079.0,75.0,360.0,1.0,Semiurban,Y,test
LN102869,Male,Yes,0,Not Graduate,No,2600,1700.0,107.0,360.0,1.0,Rural,Y,test
LN102870,Male,Yes,2,Graduate,Yes,2446,0.0,94.0,360.0,0.0,Semiurban,N,test
LN102871,Male,Yes,0,Graduate,Yes,2844,0.0,70.0,360.0,1.0,Urban,Y,test
LN102872,Male,No,0,Graduate,No,8639,0.0,195.0,360.0,1.0,Urban,Y,test
LN102873,Male,Yes,0,Graduate,No,5937,2884.0,171.0,360.0,1.0,Rural,Y,test
LN102874,Male,Yes,3+,Graduate,Yes,6453,1338.0,95.0,360.0,1.0,Rural,Y,test
LN102875,Female,No,0,Not Graduate,No,2324,0.0,72.0,360.0,1.0,Semiurban,Y,test
LN102876,Male,Yes,0,Not Graduate,No,3347,1624.0,135.0,360.0,0.0,Semiurban,N,test
LN102877,Male,Yes,0,Graduate,No,3054,2412.0,136.0,360.0,1.0,Semiurban,Y,test
LN102878,Female,No,0,Graduate,Yes,4230,0.0,117.0,360.0,0.0,Semiurban,N,test
LN102879,Female,Yes,0,Graduate,No,2330,4486.0,100.0,360.0,1.0,Semiurban,Y,test
LN102880,Male,Yes,0,Graduate,No,5547,2356.0,197.0,360.0,1.0,Rural,Y,test
LN102881,Male,Yes,0,Graduate,No,2457,1964.0,145.0,360.0,1.0,Rural,N,test
LN102882,Male,Yes,0,Not Graduate,No,3218,3074.0,134.0,360.0,0.0,Rural,N,test
LN102883,Male,No,0,Graduate,No,3054,2679.0,118.0,360.0,1.0,Urban,Y,test
LN102884,Male,Yes,0,Graduate,No,2425,2340.0,143.0,360.0,1.0,Semiurban,Y,test
LN102885,Male,Yes,0,Not Graduate,No,3794,1484.0,141.0,300.0,1.0,Semiurban,Y,test
LN102886,Male,Yes,2,Graduate,No,7163,1470.0,191.0,360.0,1.0,Semiurban,Y,test
LN102887,Male,Yes,0,Not Graduate,No,3601,1518.0,105.0,300.0,1.0,Semiurban,Y,test
LN102888,Male,Yes,0,Graduate,No,2726,2183.0,124.0,360.0,1.0,Semiurban,Y,test
LN102889,Female,Yes,0,Graduate,No,2032,3839.0,90.0,360.0,1.0,Semiurban,Y,test
LN102890,Male,Yes,0,Graduate,Yes,2744,3083.0,176.0,360.0,1.0,Urban,Y,test
LN102891,Female,No,3+,Not Graduate,No,1884,0.0,140.0,360.0,0.0,Urban,N,test
LN102892,Male,Yes,0,Graduate,No,4817,923.0,120.0,180.0,1.0,Urban,Y,test
LN102893,Male,Yes,0,Graduate,Yes,9449,0.0,178.0,360.0,1.0,Rural,Y,test
LN102894,Male,Yes,0,Graduate,No,1753,1828.0,88.0,360.0,1.0,Urban,Y,test
LN102895,Male,No,0,Not Graduate,No,4885,0.0,48.0,360.0,1.0,Rural,Y,test
LN102896,Female,No,0,Graduate,No,2447,0.0,91.0,360.0,0.0,Semiurban,N,test
LN102897,Male,Yes,1,Graduate,No,18333,0.0,500.0,360.0,1.0,Urban,N,test
LN102898,Male,Yes,3+,Graduate,Yes,5677,1424.0,100.0,360.0,1.0,Rural,Y,test
LN102899,Male,Yes,0,Graduate,No,3473,2952.0,125.0,360.0,1.0,Urban,Y,test
LN102900,Male,Yes,0,Graduate,No,2812,16.0,83.0,360.0,1.0,Rural,Y,test
LN102901,Male,Yes,1,Graduate,Yes,3234,2381.0,185.0,360.0,1.0,Semiurban,Y,test
LN102902,Male,Yes,0,Graduate,No,2610,1965.0,126.0,360.0,1.0,Semiurban,Y,test
LN102903,Male,Yes,0,Graduate,No,5139,948.0,115.0,180.0,1.0,Urban,Y,test
LN102904,Male,Yes,0,Graduate,Yes,39147,4750.0,120.0,360.0,1.0,Semiurban,Y,test
LN102905,Male,No,0,Not Graduate,No,2324,2684.0,92.0,360.0,1.0,Semiurban,Y,test
LN102906,Male,Yes,2,Not Graduate,No,3712,2124.0,107.0,360.0,1.0,Semiurban,Y,test
LN102907,Male,No,0,Graduate,No,3570,0.0,85.0,360.0,1.0,Semiurban,Y,test
LN102908,Male,Yes,0,Graduate,No,2694,1722.0,138.0,360.0,1.0,Rural,N,test
LN102909,Male,No,0,Graduate,No,1638,32148.0,96.0,360.0,1.0,Urban,N,test
LN102910,Male,Yes,0,Graduate,No,3157,3193.0,179.0,360.0,1.0,Rural,Y,test
LN102911,Male,No,0,Graduate,No,4514,0.0,132.0,360.0,1.0,Rural,Y,test
LN102912,Male,Yes,0,Graduate,Yes,4790,4367.0,68.0,360.0,1.0,Semiurban,Y,test
LN102913,Male,Yes,0,Graduate,No,2246,2422.0,150.0,360.0,1.0,Semiurban,Y,test
LN102914,Female,No,1,Not Graduate,No,5275,0.0,70.0,360.0,1.0,Rural,N,test
LN102915,Female,No,0,Graduate,No,2271,0.0,104.0,360.0,0.0,Semiurban,N,test
LN102916,Male,No,3+,Graduate,No,12500,3000.0,320.0,360.0,1.0,Rural,N,test
LN102917,Male,Yes,0,Not Graduate,No,2922,1742.0,101.0,360.0,1.0,Rural,Y,test
LN102918,Male,Yes,2,Graduate,No,5206,0.0,218.0,360.0,1.0,Urban,Y,test
LN102919,Male,Yes,3+,Graduate,No,5457,0.0,117.0,360.0,1.0,Urban,Y,test
LN102920,Male,Yes,0,Graduate,No,3439,3156.0,85.0,300.0,1.0,Urban,Y,test
LN102921,Male,Yes,0,Graduate,No,2473,1843.0,159.0,360.0,1.0,Rural,N,test
LN102922,Male,Yes,0,Graduate,No,3166,2064.0,104.0,360.0,0.0,Urban,N,test
LN102923,Male,No,0,Not Graduate,No,5078,0.0,53.0,360.0,1.0,Rural,Y,test
LN102924,Male,Yes,2,Graduate,No,2947,1603.0,128.0,360.0,1.0,Urban,N,test
LN102925,Male,No,0,Not Graduate,No,2462,0.0,58.0,180.0,1.0,Urban,Y,test
LN102926,Male,No,0,Graduate,No,1979,0.0,66.0,480.0,0.0,Semiurban,N,test
LN102927,Male,Yes,3+,Graduate,No,6064,0.0,144.0,180.0,1.0,Rural,Y,test
LN102928,Female,No,0,Graduate,No,1598,2041.0,114.0,360.0,0.0,Semiurban,N,test
LN102929,Male,Yes,0,Not Graduate,No,3523,3230.0,152.0,360.0,0.0,Rural,N,test
LN102930,Female,Yes,0,Graduate,No,3418,0.0,107.0,360.0,1.0,Semiurban,Y,test
LN102931,Male,Yes,2,Graduate,No,3478,527.0,115.0,84.0,1.0,Urban,Y,test
LN102932,Male,Yes,1,Graduate,No,6344,0.0,163.0,360.0,1.0,Semiurban,Y,test
LN102933,Male,No,1,Graduate,No,3257,1925.0,117.0,180.0,0.0,Urban,N,test
LN102934,Male,Yes,2,Graduate,No,4434,1538.0,112.0,360.0,1.0,Semiurban,Y,test
LN102935,Male,No,0,Not Graduate,No,3007,0.0,51.0,180.0,1.0,Urban,Y,test
LN102936,Male,Yes,2,Not Graduate,No,3553,2286.0,90.0,360.0,1.0,Semiurban,Y,test
LN102937,Male,Yes,2,Not Graduate,No,2431,1753.0,50.0,360.0,1.0,Semiurban,Y,test
LN102938,Male,No,0,Graduate,No,2866,0.0,86.0,360.0,0.0,Semiurban,N,test
LN102939,Male,Yes,1,Graduate,No,3279,1291.0,124.0,360.0,0.0,Semiurban,N,test
LN102940,Female,No,0,Graduate,No,2673,0.0,64.0,360.0,1.0,Rural,Y,test
LN102941,Male,Yes,0,Graduate,No,3707,3166.0,182.0,360.0,1.0,Rural,Y,test
LN102942,Male,No,0,Not Graduate,No,4534,0.0,45.0,360.0,1.0,Rural,Y,test
LN102943,Female,Yes,0,Graduate,No,4180,2306.0,182.0,360.0,1.0,Semiurban,Y,test
LN102944,Male,Yes,0,Graduate,No,2387,1616.0,181.0,360.0,1.0,Rural,N,test
LN102945,Male,Yes,1,Graduate,No,3089,1280.0,121.0,360.0,0.0,Semiurban,N,test
LN102946,Male,Yes,2,Graduate,No,4128,1927.0,111.0,360.0,1.0,Semiurban,Y,test
LN102947,Male,No,0,Not Graduate,No,2717,0.0,60.0,180.0,1.0,Urban,Y,test
LN102948,Female,No,0,Graduate,No,1479,1803.0,105.0,360.0,0.0,Semiurban,N,test
LN102949,Male,No,1,Not Graduate,Yes,4247,2447.0,160.0,360.0,0.0,Urban,N,test
LN102950,Male,No,0,Not Graduate,No,2356,1648.0,127.0,360.0,1.0,Semiurban,Y,test
LN102951,Male,Yes,0,Graduate,No,2939,1748.0,116.0,360.0,1.0,Semiurban,Y,test
LN102952,Male,No,0,Not Graduate,No,2333,1451.0,102.0,480.0,0.0,Urban,N,test
LN102953,Male,No,1,Graduate,No,3267,0.0,108.0,180.0,1.0,Urban,Y,test
LN102954,Male,No,0,Graduate,No,8997,4138.0,163.0,360.0,1.0,Rural,Y,test
LN102955,Female,No,0,Graduate,No,3237,0.0,62.0,360.0,1.0,Rural,Y,test
LN102956,Male,Yes,0,Graduate,No,2500,3796.0,120.0,360.0,1.0,Urban,Y,test
LN102957,Male,Yes,3+,Graduate,No,4653,1227.0,98.0,360.0,1.0,Urban,Y,test
LN102958,Male,Yes,0,Graduate,No,2175,4356.0,130.0,360.0,1.0,Urban,Y,test
LN102959,Male,Yes,0,Graduate,No,5056,800.0,111.0,180.0,1.0,Urban,Y,test
LN102960,Male,Yes,1,Graduate,Yes,3342,2316.0,140.0,360.0,1.0,Semiurban,Y,test
LN102961,Male,No,0,Graduate,No,10251,0.0,165.0,360.0,1.0,Semiurban,N,test
LN102962,Male,Yes,1,Graduate,No,2919,3102.0,140.0,360.0,1.0,Urban,Y,test
LN102963,Male,No,0,Graduate,No,4750,0.0,132.0,360.0,1.0,Rural,Y,test
LN102964,Male,Yes,0,Graduate,No,2620,1928.0,95.0,360.0,1.0,Semiurban,Y,test
LN102965,Male,Yes,2,Not Graduate,No,4179,1484.0,136.0,360.0,1.0,Rural,Y,test
LN102966,Male,Yes,3+,Graduate,No,6706,0.0,141.0,360.0,1.0,Semiurban,N,test
LN102967,Male,Yes,3+,Graduate,No,6605,0.0,141.0,180.0,1.0,Rural,Y,test
LN102968,Male,Yes,2,Graduate,No,2524,1753.0,136.0,360.0,1.0,Urban,N,test
LN102969,Male,Yes,2,Graduate,No,4354,1655.0,102.0,360.0,1.0,Semiurban,Y,test
LN102970,Male,Yes,2,Graduate,No,3159,461.0,108.0,84.0,1.0,Urban,Y,test
LN102971,Male,No,0,Graduate,No,2066,31683.0,80.0,360.0,1.0,Urban,N,test
LN102972,Male,Yes,2,Graduate,No,3391,3712.0,204.0,360.0,0.0,Urban,N,test
LN102973,Male,Yes,1,Graduate,No,3125,3524.0,136.0,360.0,1.0,Urban,Y,test
LN102974,Male,No,0,Not Graduate,No,3975,2531.0,55.0,360.0,1.0,Rural,Y,test
LN102975,Male,Yes,2,Not Graduate,No,2493,2002.0,51.0,360.0,1.0,Semiurban,Y,test
LN102976,Female,No,0,Not Graduate,No,2131,0.0,69.0,360.0,1.0,Semiurban,Y,test
LN102977,Male,No,0,Graduate,No,3277,2336.0,98.0,360.0,1.0,Urban,Y,test
LN102978,Male,No,0,Not Graduate,No,2741,0.0,64.0,180.0,1.0,Urban,Y,test
LN102979,Male,Yes,0,Graduate,No,2297,1731.0,129.0,360.0,1.0,Semiurban,Y,test
LN102980,Male,Yes,0,Not Graduate,No,2748,1726.0,109.0,360.0,1.0,Rural,Y,test
LN102981,Female,Yes,0,Graduate,No,4198,2426.0,176.0,360.0,1.0,Semiurban,Y,test
LN102982,Male,Yes,1,Graduate,No,8260,1915.0,207.0,360.0,1.0,Urban,Y,test
LN102983,Male,Yes,2,Graduate,No,2878,1692.0,111.0,360.0,1.0,Urban,N,test
LN102984,Male,Yes,3+,Graduate,Yes,8754,0.0,290.0,360.0,1.0,Semiurban,Y,test
LN102985,Male,Yes,0,Graduate,No,2809,2145.0,89.0,360.0,1.0,Semiurban,Y,test
LN102986,Male,Yes,0,Graduate,No,6133,3906.0,324.0,360.0,1.0,Urban,Y,test
LN102987,Female,Yes,0,Graduate,No,3105,0.0,98.0,360.0,1.0,Semiurban,Y,test
LN102988,Male,No,0,Graduate,No,8333,3750.0,187.0,360.0,1.0,Rural,Y,test
LN102989,Male,Yes,1,Graduate,No,15852,0.0,569.0,360.0,1.0,Urban,N,test
LN102990,Male,Yes,0,Graduate,No,3292,2798.0,132.0,360.0,1.0,Semiurban,Y,test
LN102991,Male,Yes,0,Graduate,No,12739,0.0,149.0,360.0,1.0,Urban,Y,test
LN102992,Male,Yes,1,Graduate,No,1318,1428.0,31.0,360.0,1.0,Urban,Y,test
LN102993,Male,No,0,Graduate,No,9508,0.0,187.0,360.0,1.0,Rural,Y,test
LN102994,Female,Yes,1,Graduate,Yes,11500,0.0,286.0,360.0,0.0,Urban,N,test
LN102995,Male,Yes,2,Graduate,Yes,2726,0.0,106.0,360.0,0.0,Semiurban,N,test
LN102996,Male,Yes,3+,Graduate,No,5516,11300.0,495.0,360.0,0.0,Semiurban,N,test
LN102997,Male,Yes,0,Graduate,No,3060,2065.0,113.0,360.0,1.0,Semiurban,Y,test
LN102998,Male,Yes,0,Graduate,No,8475,0.0,72.0,180.0,1.0,Urban,Y,test
LN102999,Female,No,0,Not Graduate,No,1963,0.0,53.0,360.0,1.0,Semiurban,Y,test
